window_id,start_time,end_time,prob_fluctuating,prob_misalignment,anomaly_vector_norm,pred_label
0,0.0,5.0,0.0025790967,0.3106539,0.3106646,normal
1,5.0,10.0,0.00024953118,0.0011970835,0.0012228143,normal
2,10.0,15.0,0.00086945604,0.015138418,0.015163366,normal
3,15.0,20.0,0.00021911024,0.004442146,0.0044475463,normal
4,20.0,25.0,0.001706611,0.020852309,0.020922028,normal
5,25.0,30.0,0.00042111176,0.00040524142,0.0005844277,normal
6,30.0,35.0,0.32621393,0.00833488,0.32632038,normal
7,35.0,40.0,0.083269365,0.004086321,0.083369575,normal
8,40.0,45.0,0.000965605,0.08483825,0.08484375,normal
9,45.0,50.0,3.160823e-05,0.00014888376,0.00015220202,normal
10,50.0,55.0,0.0017884099,0.009306363,0.009476645,normal
11,55.0,60.0,0.046602413,0.15924779,0.16592662,normal
12,60.0,65.0,0.040310044,0.005423614,0.040673275,normal
13,65.0,70.0,0.013963718,0.19846578,0.1989564,normal
14,70.0,75.0,0.004784318,0.022242086,0.022750827,normal
15,75.0,80.0,0.09632687,0.0018625674,0.09634488,normal
16,80.0,85.0,0.0010751673,9.128658e-05,0.0010790357,normal
17,85.0,90.0,0.2181703,0.01388224,0.21861152,normal
18,90.0,95.0,0.13614711,0.0010577968,0.13615122,normal
19,95.0,100.0,0.020292534,0.17003705,0.17124364,normal
20,100.0,105.0,0.002952968,0.40887415,0.40888482,normal
21,105.0,110.0,0.0005698946,0.08407684,0.08407877,normal
22,110.0,115.0,0.015394651,0.35123727,0.35157448,normal
23,115.0,120.0,0.53504455,0.46391374,0.7081586,fluctuating
24,120.0,125.0,0.9922536,0.0007996918,0.99225396,fluctuating
25,125.0,130.0,0.9429582,0.00011511863,0.9429582,fluctuating
26,130.0,135.0,0.002599422,0.008701112,0.009081098,normal
27,135.0,140.0,0.0018600718,0.006871362,0.0071186717,normal
28,140.0,145.0,0.0022420262,0.839927,0.83993,misalignment
29,145.0,150.0,0.004490605,0.0045291693,0.006378002,normal
30,150.0,155.0,0.22196133,0.06361737,0.23089826,normal
31,155.0,160.0,0.0039678686,0.015896669,0.016384384,normal
32,160.0,165.0,0.61141217,0.046543933,0.6131812,fluctuating
33,165.0,170.0,0.14773558,0.06432938,0.1611337,normal
34,170.0,175.0,0.0034404949,0.0001419734,0.003443423,normal
35,175.0,180.0,0.0050536236,0.00031615616,0.0050635035,normal
36,180.0,185.0,0.9623487,0.0005001554,0.9623488,fluctuating
37,185.0,190.0,0.0020766647,0.021716634,0.021815699,normal
38,190.0,195.0,6.8577945e-05,0.006761971,0.006762319,normal
39,195.0,200.0,0.9998367,5.4479184e-05,0.9998367,fluctuating
40,200.0,205.0,0.50950164,0.0005259757,0.5095019,fluctuating
41,205.0,210.0,0.00039473386,0.005123583,0.005138766,normal
42,210.0,215.0,0.001279528,0.0011819724,0.0017419101,normal
43,215.0,220.0,0.9604882,0.0013154378,0.9604891,fluctuating
44,220.0,225.0,0.03865574,0.16568923,0.17013873,normal
45,225.0,230.0,0.01044724,0.0016257215,0.0105729755,normal
46,230.0,235.0,0.012513847,0.0048844437,0.013433323,normal
47,235.0,240.0,0.18721408,0.0009717303,0.1872166,normal
48,240.0,245.0,0.06332822,0.15251186,0.1651373,normal
49,245.0,250.0,0.045618847,2.4338624e-05,0.045618854,normal
50,250.0,255.0,0.00023342835,0.004340222,0.0043464946,normal
51,255.0,260.0,0.009130964,0.028241089,0.029680526,normal
52,260.0,265.0,0.24851541,0.0013616604,0.24851915,normal
53,265.0,270.0,0.005813579,0.029218327,0.029791078,normal
54,270.0,275.0,0.015241033,0.00045910085,0.015247947,normal
55,275.0,280.0,0.59200454,0.0015693719,0.5920066,fluctuating
56,280.0,285.0,0.10578702,0.6140408,0.6230867,misalignment
57,285.0,290.0,0.95705706,0.0043066856,0.9570668,fluctuating
58,290.0,295.0,0.00013488122,0.0047761877,0.004778092,normal
59,295.0,300.0,0.15080777,0.04224159,0.15661205,normal
60,300.0,305.0,0.63351166,0.0014476555,0.63351333,fluctuating
61,305.0,310.0,0.002736134,7.594205e-05,0.0027371878,normal
62,310.0,315.0,0.008609164,0.0066397097,0.0108721405,normal
63,315.0,320.0,0.7255772,0.00025116067,0.72557724,fluctuating
64,320.0,325.0,7.159187e-05,0.00049063703,0.0004958327,normal
65,325.0,330.0,0.0013978333,0.6228552,0.62285674,misalignment
66,330.0,335.0,0.044591483,0.002569224,0.044665437,normal
67,335.0,340.0,0.003247576,0.0061244327,0.0069322023,normal
68,340.0,345.0,0.92234087,0.0002579678,0.92234087,fluctuating
69,345.0,350.0,4.4459307e-06,0.005215512,0.005215514,normal
70,350.0,355.0,0.0032457074,0.018743698,0.01902264,normal
71,355.0,360.0,0.0022129084,0.009219383,0.009481244,normal
72,360.0,365.0,0.18005085,0.0011217282,0.18005434,normal
73,365.0,370.0,0.00015403153,0.07328411,0.073284276,normal
74,370.0,375.0,0.0031087825,0.031103363,0.031258337,normal
75,375.0,380.0,0.0063092234,0.051370494,0.051756486,normal
76,380.0,385.0,0.00014436596,0.08792975,0.08792987,normal
77,385.0,390.0,0.012269137,0.5351452,0.53528583,misalignment
78,390.0,395.0,0.01299495,0.43099123,0.43118712,normal
79,395.0,400.0,0.9840391,0.0031723964,0.98404425,fluctuating
80,400.0,405.0,0.042775456,0.019531334,0.04702353,normal
81,405.0,410.0,0.09128535,0.123622335,0.15367334,normal
82,410.0,415.0,0.22292385,0.0023633824,0.22293638,normal
83,415.0,420.0,0.044377368,0.6797944,0.68124133,misalignment
84,420.0,425.0,0.00075376756,0.01586875,0.01588664,normal
85,425.0,430.0,0.30303758,0.45429873,0.5460944,normal
86,430.0,435.0,2.519604e-05,0.0075959815,0.0075960234,normal
87,435.0,440.0,0.34613615,0.00020306188,0.3461362,normal
88,440.0,445.0,0.5902054,0.0063366336,0.5902394,fluctuating
89,445.0,450.0,0.9290298,0.0007854822,0.9290301,fluctuating
90,450.0,455.0,0.00053301366,0.062953636,0.06295589,normal
91,455.0,460.0,0.17798518,0.0024555367,0.17800212,normal
92,460.0,465.0,0.05233785,0.6493382,0.651444,misalignment
93,465.0,470.0,0.44029585,0.0022507217,0.4403016,normal
94,470.0,475.0,0.00026768362,0.0065894625,0.0065948972,normal
95,475.0,480.0,0.00089363544,0.00070157804,0.001136132,normal
96,480.0,485.0,0.0003532181,0.018080456,0.018083906,normal
97,485.0,490.0,0.9716412,0.0031203614,0.9716462,fluctuating
98,490.0,495.0,0.009279439,0.4414949,0.44159243,normal
99,495.0,500.0,0.000392687,0.054165572,0.054166995,normal
100,500.0,505.0,0.0007861123,0.0013990466,0.0016047754,normal
101,505.0,510.0,0.092341594,0.0024956877,0.092375316,normal
102,510.0,515.0,0.91161805,0.020076089,0.91183907,fluctuating
103,515.0,520.0,0.00016416355,0.0030097498,0.0030142234,normal
104,520.0,525.0,0.00036368854,0.002724691,0.0027488563,normal
105,525.0,530.0,0.014178183,0.085014105,0.08618828,normal
106,530.0,535.0,0.00032318188,0.0068780426,0.006885631,normal
107,535.0,540.0,0.00033783994,0.43710354,0.43710366,normal
108,540.0,545.0,5.8588303e-05,0.00035990865,0.00036464614,normal
109,545.0,550.0,0.0018941378,0.008398423,0.008609371,normal
110,550.0,555.0,1.5609272e-05,0.00097533286,0.0009754578,normal
111,555.0,560.0,0.014057031,0.12040123,0.12121905,normal
112,560.0,565.0,0.64718664,0.00081754016,0.6471871,fluctuating
113,565.0,570.0,0.00025588318,0.00016873269,0.00030650763,normal
114,570.0,575.0,0.21826117,0.0014133346,0.21826574,normal
115,575.0,580.0,0.8962823,3.3908756e-05,0.8962823,fluctuating
116,580.0,585.0,0.5812924,0.13342775,0.5964091,fluctuating
117,585.0,590.0,0.0007008406,0.061844233,0.061848205,normal
118,590.0,595.0,0.009781187,0.00023980574,0.009784127,normal
119,595.0,600.0,0.0031907521,0.031943437,0.0321024,normal
120,600.0,605.0,0.022349091,0.029789358,0.03724094,normal
121,605.0,610.0,0.5209037,0.052704334,0.5235632,fluctuating
122,610.0,615.0,0.00053505023,0.0025083357,0.0025647664,normal
123,615.0,620.0,0.008099918,0.79025716,0.79029864,misalignment
124,620.0,625.0,9.88573e-06,3.8634273e-05,3.9879e-05,normal
125,625.0,630.0,0.9996754,0.0002936143,0.99967545,fluctuating
126,630.0,635.0,7.490178e-05,0.001273281,0.0012754822,normal
127,635.0,640.0,0.000278843,0.0007480721,0.0007983516,normal
128,640.0,645.0,0.7679558,0.035105325,0.76875776,fluctuating
129,645.0,650.0,0.9814674,0.014130304,0.9815691,fluctuating
130,650.0,655.0,0.9997975,4.7412137e-05,0.9997975,fluctuating
131,655.0,660.0,0.4170516,0.0023921838,0.41705847,normal
132,660.0,665.0,0.026535777,0.09170196,0.09546412,normal
133,665.0,670.0,0.6030832,0.010258329,0.60317045,fluctuating
134,670.0,675.0,0.18827352,0.27768213,0.3354911,normal
135,675.0,680.0,0.0021318072,0.17110999,0.17112327,normal
136,680.0,685.0,0.14292124,6.5465014e-05,0.14292125,normal
137,685.0,690.0,0.23912182,0.19053046,0.3057468,normal
138,690.0,695.0,0.5114698,0.008457011,0.5115397,fluctuating
139,695.0,700.0,0.37774572,0.00018033122,0.37774575,normal
140,700.0,705.0,0.00011322909,0.01902427,0.019024607,normal
141,705.0,710.0,0.00015636791,0.0155035015,0.015504289,normal
142,710.0,715.0,2.7091899e-05,0.00021401198,0.00021571995,normal
143,715.0,720.0,3.663643e-05,0.0005438912,0.0005451237,normal
144,720.0,725.0,0.011484047,0.009681146,0.01502025,normal
145,725.0,730.0,0.027987096,0.0077606644,0.029043166,normal
146,730.0,735.0,0.00020689657,0.0022878589,0.002297195,normal
147,735.0,740.0,3.9370436e-05,0.002742037,0.0027423196,normal
148,740.0,745.0,0.37361234,0.0006952165,0.37361297,normal
149,745.0,750.0,0.0014330939,0.05212851,0.052148204,normal
150,750.0,755.0,0.002279772,0.00023369536,0.0022917185,normal
151,755.0,760.0,0.00053309905,0.0059258593,0.00594979,normal
152,760.0,765.0,5.396518e-06,4.8253893e-05,4.8554717e-05,normal
153,765.0,770.0,0.004317813,0.0012150795,0.0044855243,normal
154,770.0,775.0,5.55956e-05,0.0001464676,0.00015666406,normal
155,775.0,780.0,8.272684e-06,0.00048781247,0.00048788261,normal
156,780.0,785.0,0.014964436,0.079037994,0.080442145,normal
157,785.0,790.0,0.98120123,0.00015343257,0.98120123,fluctuating
158,790.0,795.0,0.54530454,0.0030147075,0.5453129,fluctuating
159,795.0,800.0,0.17316638,0.004193119,0.17321713,normal
160,800.0,805.0,0.6481261,2.4663821e-05,0.6481261,fluctuating
161,805.0,810.0,2.5848369e-05,6.577338e-05,7.067019e-05,normal
162,810.0,815.0,0.017289309,0.00020968565,0.017290581,normal
163,815.0,820.0,3.761345e-05,6.357455e-05,7.386809e-05,normal
164,820.0,825.0,0.026043117,0.036650144,0.044960838,normal
165,825.0,830.0,1.18395365e-05,0.0124787185,0.012478724,normal
166,830.0,835.0,0.00896053,0.10371522,0.104101576,normal
167,835.0,840.0,0.8271731,0.056117732,0.8290745,fluctuating
168,840.0,845.0,0.22630963,0.009057117,0.2264908,normal
169,845.0,850.0,5.9706817e-05,0.0026733824,0.002674049,normal
170,850.0,855.0,0.052466627,0.008188615,0.053101793,normal
171,855.0,860.0,0.00018463045,0.003318276,0.0033234085,normal
172,860.0,865.0,0.0069288374,0.0011078301,0.0070168423,normal
173,865.0,870.0,0.0022162094,0.0073232953,0.00765129,normal
174,870.0,875.0,0.25356966,0.0003242092,0.25356987,normal
175,875.0,880.0,5.2253563e-05,0.00022733731,0.00023326528,normal
176,880.0,885.0,0.0060138144,0.016859118,0.017899603,normal
177,885.0,890.0,0.00015025059,0.00015622319,0.00021675084,normal
178,890.0,895.0,0.07262947,0.11190478,0.13340808,normal
179,895.0,900.0,0.008208082,0.31059885,0.3107073,normal
180,900.0,905.0,0.0003559844,0.0036169223,0.0036343983,normal
181,905.0,910.0,7.1619936e-05,0.09508479,0.095084816,normal
182,910.0,915.0,0.01084851,0.0032748233,0.011332018,normal
183,915.0,920.0,0.00022754744,0.009772256,0.009774905,normal
184,920.0,925.0,0.0006060968,0.051987406,0.05199094,normal
185,925.0,930.0,9.141647e-05,0.017811278,0.017811513,normal
186,930.0,935.0,0.001135477,0.4689191,0.4689205,normal
187,935.0,940.0,0.00014305797,0.002494425,0.0024985238,normal
188,940.0,945.0,2.4197265e-05,0.002304407,0.0023045342,normal
189,945.0,950.0,0.048017085,0.04001924,0.062507436,normal
190,950.0,955.0,0.00160853,0.014005023,0.014097094,normal
191,955.0,960.0,0.013321963,0.0026395759,0.013580944,normal
192,960.0,965.0,0.021317162,0.004978078,0.021890698,normal
193,965.0,970.0,0.00016127138,0.0025595336,0.0025646093,normal
194,970.0,975.0,0.95739853,0.0004966683,0.95739865,fluctuating
195,975.0,980.0,4.4324092e-06,4.673657e-05,4.6946283e-05,normal
196,980.0,985.0,0.005792907,0.0034019866,0.0067179822,normal
197,985.0,990.0,0.011454377,0.0066071595,0.013223362,normal
198,990.0,995.0,0.33193585,2.8148637e-05,0.33193585,normal
199,995.0,1000.0,0.000277935,0.04183484,0.041835763,normal
200,1000.0,1005.0,0.96085817,0.0027693822,0.96086216,fluctuating
201,1005.0,1010.0,0.94609797,0.0013972357,0.946099,fluctuating
202,1010.0,1015.0,0.9765786,9.316175e-05,0.9765786,fluctuating
203,1015.0,1020.0,3.261416e-05,0.030627044,0.03062706,normal
204,1020.0,1025.0,0.00049531355,0.018800031,0.018806554,normal
205,1025.0,1030.0,0.0142046865,0.0057779476,0.015334856,normal
206,1030.0,1035.0,0.0018701098,0.0009043968,0.0020773166,normal
207,1035.0,1040.0,0.00026421694,0.0052324515,0.0052391184,normal
208,1040.0,1045.0,2.023289e-05,0.014466026,0.01446604,normal
209,1045.0,1050.0,0.020481365,0.06964235,0.07259162,normal
210,1050.0,1055.0,0.11432028,0.0019588433,0.11433706,normal
211,1055.0,1060.0,0.0009561495,0.048886072,0.048895422,normal
212,1060.0,1065.0,0.03215979,0.00013021236,0.032160055,normal
213,1065.0,1070.0,0.41540238,0.0019360497,0.4154069,normal
214,1070.0,1075.0,0.0013184029,0.0006150913,0.0014548277,normal
215,1075.0,1080.0,0.99421024,6.0184717e-05,0.99421024,fluctuating
216,1080.0,1085.0,2.7094715e-05,5.4197913e-05,6.0593215e-05,normal
217,1085.0,1090.0,1.5452453e-05,0.0061091552,0.006109175,normal
218,1090.0,1095.0,0.004188687,0.015404599,0.015963921,normal
219,1095.0,1100.0,0.92946804,0.0032801225,0.9294739,fluctuating
220,1100.0,1105.0,0.017016746,0.0046779867,0.017648036,normal
221,1105.0,1110.0,1.917009e-06,0.0001013399,0.00010135803,normal
222,1110.0,1115.0,0.66421473,0.002048126,0.6642179,fluctuating
223,1115.0,1120.0,0.07739867,0.08187621,0.11266884,normal
224,1120.0,1125.0,0.0031749427,0.022473043,0.02269621,normal
225,1125.0,1130.0,0.9594964,0.0009758766,0.95949686,fluctuating
226,1130.0,1135.0,0.8320903,6.344603e-05,0.8320903,fluctuating
227,1135.0,1140.0,0.98948824,0.008830207,0.98952764,fluctuating
228,1140.0,1145.0,0.0012475355,0.07967721,0.07968698,normal
229,1145.0,1150.0,1.401158e-05,0.05437407,0.054374073,normal
230,1150.0,1155.0,1.6164642e-05,0.004111247,0.004111279,normal
231,1155.0,1160.0,3.6547547e-07,0.7466953,0.7466953,misalignment
232,1160.0,1165.0,9.003385e-09,0.9360719,0.9360719,misalignment
233,1165.0,1170.0,0.0007511102,0.0039771646,0.0040474692,normal
234,1170.0,1175.0,4.691958e-05,0.0025969418,0.0025973655,normal
235,1175.0,1180.0,3.034515e-05,0.05733195,0.057331957,normal
236,1180.0,1185.0,0.0006089708,0.0033617874,0.0034164982,normal
237,1185.0,1190.0,0.46736833,0.041348424,0.46919382,normal
238,1190.0,1195.0,6.7578085e-06,0.0020169895,0.0020170007,normal
239,1195.0,1200.0,0.0002731773,0.00755165,0.0075565893,normal
240,1200.0,1205.0,0.0001487386,0.00050660915,0.00052799244,normal
241,1205.0,1210.0,0.8006706,0.00015541924,0.8006706,fluctuating
242,1210.0,1215.0,0.61804754,0.00062049006,0.61804783,fluctuating
243,1215.0,1220.0,0.87257653,1.2098005e-13,0.87257653,fluctuating
244,1220.0,1225.0,0.011951939,2.245197e-09,0.011951939,normal
245,1225.0,1230.0,0.012736755,0.012117161,0.017579833,normal
246,1230.0,1235.0,2.241537e-06,6.4230975e-05,6.4270076e-05,normal
247,1235.0,1240.0,0.26545733,0.0046403087,0.2654979,normal
248,1240.0,1245.0,0.00025109627,0.0074624624,0.007466686,normal
249,1245.0,1250.0,0.009945223,8.589214e-05,0.009945594,normal
250,1250.0,1255.0,0.0014573246,0.006447889,0.006610527,normal
251,1255.0,1260.0,0.0023551122,0.60211396,0.60211855,misalignment
252,1260.0,1265.0,9.00109e-05,0.07658094,0.076580994,normal
253,1265.0,1270.0,0.0003853714,0.0019106088,0.0019490863,normal
254,1270.0,1275.0,0.0016796235,0.013598918,0.013702252,normal
255,1275.0,1280.0,1.7350065e-07,0.99716264,0.99716264,misalignment
256,1280.0,1285.0,6.3323284e-09,0.9978569,0.9978569,misalignment
257,1285.0,1290.0,0.00057308463,0.00036569007,0.00067981996,normal
258,1290.0,1295.0,0.48148715,0.018344723,0.4818365,normal
259,1295.0,1300.0,0.00014815386,0.013083488,0.013084327,normal
260,1300.0,1305.0,0.00031407934,0.0013231738,0.0013599392,normal
261,1305.0,1310.0,0.0006952106,0.0007887975,0.0010514368,normal
262,1310.0,1315.0,0.00013729035,0.00025847694,0.00029267554,normal
263,1315.0,1320.0,0.00015149947,0.021422727,0.021423263,normal
264,1320.0,1325.0,0.94294006,0.0017959629,0.9429418,fluctuating
265,1325.0,1330.0,0.000866854,0.03775819,0.03776814,normal
266,1330.0,1335.0,0.0062445193,0.021389753,0.022282628,normal
267,1335.0,1340.0,0.008107722,0.0008829373,0.008155656,normal
268,1340.0,1345.0,0.0113632195,0.13158777,0.1320775,normal
269,1345.0,1350.0,0.0005662528,0.00094528846,0.001101913,normal
270,1350.0,1355.0,0.00018841728,0.00039123945,0.00043424574,normal
271,1355.0,1360.0,3.5220597e-05,0.001742184,0.00174254,normal
272,1360.0,1365.0,0.00041740132,0.0213072,0.021311289,normal
273,1365.0,1370.0,0.0007779741,0.0131610455,0.013184019,normal
274,1370.0,1375.0,0.024635233,0.040165983,0.047119007,normal
275,1375.0,1380.0,0.0002919938,0.009080063,0.0090847565,normal
276,1380.0,1385.0,6.017686e-05,0.00031255087,0.00031829122,normal
277,1385.0,1390.0,1.895327e-05,8.970876e-05,9.168908e-05,normal
278,1390.0,1395.0,0.010190241,0.009151605,0.013696455,normal
279,1395.0,1400.0,3.7222742e-06,0.09660427,0.09660427,normal
280,1400.0,1405.0,1.4254663e-07,0.80013293,0.80013293,misalignment
281,1405.0,1410.0,0.0031745487,0.004796835,0.005752164,normal
282,1410.0,1415.0,0.012433753,0.004763462,0.013314984,normal
283,1415.0,1420.0,0.048768025,0.008510474,0.049505036,normal
284,1420.0,1425.0,1.7215969e-05,0.0001260283,0.00012719876,normal
285,1425.0,1430.0,0.011400521,0.00059783144,0.011416185,normal
286,1430.0,1435.0,8.332534e-05,3.9350314e-05,9.214966e-05,normal
287,1435.0,1440.0,8.891513e-06,0.0006483451,0.0006484061,normal
288,1440.0,1445.0,0.00020769666,0.023096928,0.023097862,normal
289,1445.0,1450.0,4.099862e-07,4.0589275e-05,4.0591345e-05,normal
290,1450.0,1455.0,2.8303655e-05,0.0013873971,0.0013876857,normal
291,1455.0,1460.0,4.196429e-09,0.032852907,0.032852907,normal
292,1460.0,1465.0,7.2147965e-10,0.8566849,0.8566849,misalignment
293,1465.0,1470.0,0.00014358343,0.053517364,0.053517558,normal
294,1470.0,1475.0,4.870952e-05,0.012956902,0.012956994,normal
295,1475.0,1480.0,0.00039180266,0.0055145985,0.0055284994,normal
296,1480.0,1485.0,1.0824887e-05,0.0074634193,0.0074634273,normal
297,1485.0,1490.0,2.2478698e-05,0.00016913282,0.00017062006,normal
298,1490.0,1495.0,0.0018185265,0.006945153,0.007179289,normal
299,1495.0,1500.0,0.08607954,0.00044852743,0.08608071,normal
300,1500.0,1505.0,0.006679737,0.013129999,0.014731455,normal
301,1505.0,1510.0,2.0447887e-06,0.001231251,0.0012312528,normal
302,1510.0,1515.0,0.0014345291,0.008120394,0.008246131,normal
303,1515.0,1520.0,5.0635534e-11,0.999982,0.999982,misalignment
304,1520.0,1525.0,0.56890446,0.0001419619,0.5689045,fluctuating
305,1525.0,1530.0,0.0012189506,0.0011209912,0.001656038,normal
306,1530.0,1535.0,0.013899209,0.009427028,0.01679455,normal
307,1535.0,1540.0,9.032456e-05,0.0002847508,0.0002987332,normal
308,1540.0,1545.0,0.0001226043,0.00081335264,0.00082254136,normal
309,1545.0,1550.0,0.00031563186,0.0018569247,0.0018835586,normal
310,1550.0,1555.0,0.039179355,0.124696456,0.13070665,normal
311,1555.0,1560.0,0.00030865922,0.00016039908,0.00034784822,normal
312,1560.0,1565.0,0.095292166,0.5328735,0.5413269,misalignment
313,1565.0,1570.0,2.6740576e-05,0.0015344007,0.0015346338,normal
314,1570.0,1575.0,4.4665207e-06,0.0008779872,0.00087799854,normal
315,1575.0,1580.0,8.856494e-06,0.00025599278,0.00025614593,normal
316,1580.0,1585.0,0.0490929,0.0002499605,0.049093537,normal
317,1585.0,1590.0,1.9096746e-05,1.782245e-05,2.6121359e-05,normal
318,1590.0,1595.0,0.0047080303,0.0003867311,0.004723887,normal
319,1595.0,1600.0,1.3875112e-05,0.00088729925,0.00088740775,normal
320,1600.0,1605.0,0.0005519821,0.008288364,0.008306724,normal
321,1605.0,1610.0,0.0006983418,0.0014063831,0.0015702213,normal
322,1610.0,1615.0,0.0006462233,0.0021989013,0.0022918924,normal
323,1615.0,1620.0,0.0003758565,0.7514057,0.7514058,misalignment
324,1620.0,1625.0,0.00042345826,0.0014949804,0.0015537963,normal
325,1625.0,1630.0,0.0027456328,0.0047561927,0.0054918,normal
326,1630.0,1635.0,0.00046471955,0.00918653,0.009198276,normal
327,1635.0,1640.0,0.02197498,0.00071822276,0.021986714,normal
328,1640.0,1645.0,1.0,4.4944392e-17,1.0,fluctuating
329,1645.0,1650.0,0.0026641681,0.0014793362,0.0030473312,normal
330,1650.0,1655.0,5.220177e-05,0.0008558534,0.0008574439,normal
331,1655.0,1660.0,0.0057306597,0.017607737,0.018516827,normal
332,1660.0,1665.0,0.0067714346,0.07639673,0.07669624,normal
333,1665.0,1670.0,0.010917043,0.0014983173,0.011019383,normal
334,1670.0,1675.0,0.00029395914,0.008649803,0.0086547965,normal
335,1675.0,1680.0,0.004674695,0.93398535,0.93399704,misalignment
336,1680.0,1685.0,0.078890055,0.025352335,0.08286363,normal
337,1685.0,1690.0,0.0052218665,0.0050036684,0.007232191,normal
338,1690.0,1695.0,0.0001560932,0.93188316,0.93188316,misalignment
339,1695.0,1700.0,8.546096e-09,0.9159817,0.9159817,misalignment
340,1700.0,1705.0,0.8412268,6.1613515e-05,0.8412268,fluctuating
341,1705.0,1710.0,0.022978514,0.02045903,0.030766606,normal
342,1710.0,1715.0,3.169108e-05,0.0015456033,0.0015459282,normal
343,1715.0,1720.0,1.4589295e-06,5.2017655e-05,5.203811e-05,normal
344,1720.0,1725.0,0.00013403488,0.011502031,0.011502813,normal
345,1725.0,1730.0,0.00012706387,0.0016683779,0.0016732095,normal
346,1730.0,1735.0,0.0006374269,0.2697025,0.26970327,normal
347,1735.0,1740.0,0.00028104975,0.010953485,0.01095709,normal
348,1740.0,1745.0,5.8933874e-05,0.0014582555,0.0014594458,normal
349,1745.0,1750.0,4.7822796e-06,0.018771783,0.018771783,normal
350,1750.0,1755.0,8.432267e-06,0.004248777,0.0042487853,normal
351,1755.0,1760.0,0.0042212023,9.576771e-07,0.0042212023,normal
352,1760.0,1765.0,0.000114252725,0.00038153445,0.00039827405,normal
353,1765.0,1770.0,0.00040266372,0.0568442,0.056845628,normal
354,1770.0,1775.0,3.1047388e-05,0.0012894438,0.0012898175,normal
355,1775.0,1780.0,0.01869463,0.008894915,0.020702867,normal
356,1780.0,1785.0,0.00012150493,0.00027231217,0.00029819013,normal
357,1785.0,1790.0,3.2161006e-05,0.000364264,0.00036568101,normal
358,1790.0,1795.0,5.486651e-05,0.0013426405,0.0013437611,normal
359,1795.0,1800.0,0.0041251592,0.2665059,0.26653782,normal
360,1800.0,1805.0,0.002418882,0.053874396,0.05392867,normal
361,1805.0,1810.0,0.006964445,0.007134191,0.009969964,normal
362,1810.0,1815.0,0.03972377,0.008103609,0.040541906,normal
363,1815.0,1820.0,6.1480137e-06,0.9999776,0.9999776,misalignment
364,1820.0,1825.0,0.00021315686,0.9996106,0.99961066,misalignment
365,1825.0,1830.0,0.0021062905,0.0017759096,0.0027550526,normal
366,1830.0,1835.0,1.8504958e-05,0.00018558673,0.00018650701,normal
367,1835.0,1840.0,0.0007638992,0.39046556,0.3904663,normal
368,1840.0,1845.0,0.00018644998,0.0023989917,0.0024062262,normal
369,1845.0,1850.0,0.0031561058,0.4268404,0.42685205,normal
370,1850.0,1855.0,6.701805e-06,0.003144211,0.003144218,normal
371,1855.0,1860.0,0.00083320093,0.13617036,0.1361729,normal
372,1860.0,1865.0,0.0012015507,0.0029676063,0.0032016262,normal
373,1865.0,1870.0,0.00073259237,0.12321721,0.123219386,normal
374,1870.0,1875.0,7.143053e-05,0.0026697512,0.0026707065,normal
375,1875.0,1880.0,9.630267e-07,0.12817907,0.12817907,normal
376,1880.0,1885.0,2.4347828e-06,0.06944162,0.06944162,normal
377,1885.0,1890.0,0.0009517419,0.0050327717,0.005121973,normal
378,1890.0,1895.0,0.00056257343,0.0008983899,0.0010599968,normal
379,1895.0,1900.0,0.00039822867,0.003227434,0.0032519095,normal
380,1900.0,1905.0,8.93408e-06,0.9646579,0.9646579,misalignment
381,1905.0,1910.0,0.00012889497,0.002923615,0.0029264549,normal
382,1910.0,1915.0,3.0083811e-05,0.002619143,0.0026193159,normal
383,1915.0,1920.0,1.1016785e-05,0.0010207896,0.0010208491,normal
384,1920.0,1925.0,7.719674e-05,7.249085e-05,0.0001058974,normal
385,1925.0,1930.0,0.005080102,0.038673896,0.039006125,normal
386,1930.0,1935.0,0.0066422573,0.013219437,0.01479436,normal
387,1935.0,1940.0,0.07445485,6.7184825e-05,0.07445488,normal
388,1940.0,1945.0,0.99564016,1.4175266e-06,0.99564016,fluctuating
389,1945.0,1950.0,9.240721e-05,0.07937493,0.079374984,normal
390,1950.0,1955.0,5.74311e-06,0.00078403665,0.00078405766,normal
391,1955.0,1960.0,4.219655e-07,0.0005372815,0.0005372817,normal
392,1960.0,1965.0,0.008913587,0.022417188,0.02412431,normal
393,1965.0,1970.0,0.0016875273,0.0014786624,0.0022437002,normal
394,1970.0,1975.0,0.0011570432,0.03150682,0.03152806,normal
395,1975.0,1980.0,0.00024309767,0.002338858,0.002351458,normal
396,1980.0,1985.0,0.005758832,0.00740809,0.009383174,normal
397,1985.0,1990.0,0.00010634415,0.005297189,0.0052982564,normal
398,1990.0,1995.0,6.7951514e-05,0.6916695,0.6916695,misalignment
399,1995.0,2000.0,0.00087925885,0.016304972,0.016328663,normal
400,2000.0,2005.0,0.00061478507,0.26665968,0.2666604,normal
401,2005.0,2010.0,0.0001314627,0.2440027,0.24400274,normal
402,2010.0,2015.0,0.0010429596,0.0007875005,0.0013068749,normal
403,2015.0,2020.0,0.0012970553,0.00021307459,0.0013144403,normal
404,2020.0,2025.0,3.459748e-05,0.00027285688,0.00027504156,normal
405,2025.0,2030.0,0.00019237565,2.8823179e-05,0.00019452293,normal
406,2030.0,2035.0,0.00047765372,0.009909706,0.009921211,normal
407,2035.0,2040.0,3.1111555e-05,0.00013242947,0.0001360349,normal
408,2040.0,2045.0,1.39332815e-05,0.0015061293,0.0015061937,normal
409,2045.0,2050.0,0.00016341935,0.001131496,0.0011432363,normal
410,2050.0,2055.0,0.0017737866,0.19547914,0.19548719,normal
411,2055.0,2060.0,5.179053e-06,0.99928844,0.99928844,misalignment
412,2060.0,2065.0,9.068065e-05,0.99873084,0.99873084,misalignment
413,2065.0,2070.0,2.9907137e-06,0.00061389594,0.0006139032,normal
414,2070.0,2075.0,6.4575885e-05,0.00064402923,0.0006472586,normal
415,2075.0,2080.0,0.003664821,0.028254734,0.028491419,normal
416,2080.0,2085.0,0.0001469421,0.012474266,0.012475131,normal
417,2085.0,2090.0,0.00019172175,0.0010195951,0.0010374639,normal
418,2090.0,2095.0,5.0013714e-06,0.000119744414,0.00011984882,normal
419,2095.0,2100.0,0.67335296,0.0023438246,0.673357,fluctuating
420,2100.0,2105.0,0.00046115022,0.0034694488,0.0034999622,normal
421,2105.0,2110.0,3.999884e-06,0.0003061158,0.00030614194,normal
422,2110.0,2115.0,0.00022645186,0.0065973736,0.006601259,normal
423,2115.0,2120.0,6.4731798e-09,0.9965759,0.9965759,misalignment
424,2120.0,2125.0,1.9144876e-08,0.98692536,0.98692536,misalignment
425,2125.0,2130.0,2.3431843e-05,0.00386176,0.003861831,normal
426,2130.0,2135.0,0.00039813772,0.0051370226,0.005152428,normal
427,2135.0,2140.0,0.00017052788,0.0015898721,0.0015989912,normal
428,2140.0,2145.0,4.402782e-08,0.0016732631,0.0016732631,normal
429,2145.0,2150.0,3.7329148e-05,0.018464524,0.018464562,normal
430,2150.0,2155.0,4.4756075e-06,0.00035565265,0.00035568082,normal
431,2155.0,2160.0,1.479654e-05,0.00046411878,0.00046435458,normal
432,2160.0,2165.0,9.447375e-06,0.00010454467,0.00010497067,normal
433,2165.0,2170.0,3.537929e-05,4.010463e-05,5.3479675e-05,normal
434,2170.0,2175.0,0.008373426,0.0031273835,0.008938389,normal
435,2175.0,2180.0,7.370476e-05,1.2572188e-05,7.476932e-05,normal
436,2180.0,2185.0,0.0003665857,1.1039732e-06,0.00036658737,normal
437,2185.0,2190.0,4.4894456e-05,0.0004357697,0.00043807618,normal
438,2190.0,2195.0,8.425708e-05,0.0071202554,0.0071207536,normal
439,2195.0,2200.0,7.80928e-06,7.7085875e-05,7.748043e-05,normal
440,2200.0,2205.0,0.0038213492,0.012216807,0.012800512,normal
441,2205.0,2210.0,0.009281105,8.769353e-05,0.00928152,normal
442,2210.0,2215.0,0.00029355526,0.00052970916,0.00060561247,normal
443,2215.0,2220.0,0.022236606,0.0020639482,0.022332186,normal
444,2220.0,2225.0,4.096289e-06,0.0012451694,0.0012451762,normal
445,2225.0,2230.0,2.0300306e-05,0.018026339,0.01802635,normal
446,2230.0,2235.0,0.800257,0.0005789685,0.80025727,fluctuating
447,2235.0,2240.0,0.025224803,0.80995345,0.8103461,misalignment
448,2240.0,2245.0,0.00018147295,0.9848797,0.98487973,misalignment
449,2245.0,2250.0,0.0028843486,0.11057302,0.110610634,normal
450,2250.0,2255.0,0.0023037517,0.11190703,0.111930735,normal
451,2255.0,2260.0,1.8874255e-06,0.0027637503,0.002763751,normal
452,2260.0,2265.0,5.4067e-05,0.0012397004,0.0012408788,normal
453,2265.0,2270.0,0.003400553,0.020682422,0.020960113,normal
454,2270.0,2275.0,0.17510438,0.4209347,0.45590302,normal
455,2275.0,2280.0,0.0023704523,0.004899209,0.0054425444,normal
456,2280.0,2285.0,0.002354254,0.00019618958,0.0023624145,normal
457,2285.0,2290.0,3.7387934e-05,0.0015983765,0.0015988138,normal
458,2290.0,2295.0,4.8317208e-05,0.00034773874,0.00035107945,normal
459,2295.0,2300.0,0.00036424198,0.019202046,0.019205501,normal
460,2300.0,2305.0,9.002553e-06,0.17103137,0.17103137,normal
461,2305.0,2310.0,0.22467856,0.0019436788,0.22468697,normal
462,2310.0,2315.0,0.15576771,3.4089906e-05,0.15576771,normal
463,2315.0,2320.0,0.9993044,0.0007395525,0.99930465,fluctuating
464,2320.0,2325.0,2.469324e-05,0.048217162,0.04821717,normal
465,2325.0,2330.0,0.0005323919,0.0006688668,0.0008548824,normal
466,2330.0,2335.0,7.666012e-05,0.02147823,0.021478366,normal
467,2335.0,2340.0,1.6618234e-05,0.00015936211,0.00016022623,normal
468,2340.0,2345.0,0.0015535747,0.0055337846,0.005747727,normal
469,2345.0,2350.0,0.00015754544,0.00024151125,0.00028835438,normal
470,2350.0,2355.0,0.12440146,0.002256403,0.124421924,normal
471,2355.0,2360.0,0.9331074,3.7980906e-13,0.9331074,fluctuating
472,2360.0,2365.0,0.94877386,1.9288158e-11,0.94877386,fluctuating
473,2365.0,2370.0,0.0040676566,0.0006820289,0.0041244384,normal
474,2370.0,2375.0,0.00046039867,0.006821952,0.0068374695,normal
475,2375.0,2380.0,9.853474e-06,0.00025312984,0.00025332154,normal
476,2380.0,2385.0,0.020591723,0.0033689046,0.020865487,normal
477,2385.0,2390.0,0.578098,0.3842381,0.69414425,fluctuating
478,2390.0,2395.0,0.0014609923,0.34264112,0.3426442,normal
479,2395.0,2400.0,0.05904434,0.3997668,0.4041036,normal
480,2400.0,2405.0,0.00088316365,0.0062233447,0.006285698,normal
481,2405.0,2410.0,1.550548e-06,0.0004227222,0.00042272505,normal
482,2410.0,2415.0,0.00015918048,0.007869697,0.0078713065,normal
483,2415.0,2420.0,0.0039964765,0.9939307,0.99393874,misalignment
484,2420.0,2425.0,0.00039139818,0.99955887,0.9995589,misalignment
485,2425.0,2430.0,0.0007624298,0.0009886232,0.001248469,normal
486,2430.0,2435.0,0.0010391051,0.19328576,0.19328856,normal
487,2435.0,2440.0,0.00083200727,0.004213599,0.0042949566,normal
488,2440.0,2445.0,0.0014731151,0.138291,0.13829885,normal
489,2445.0,2450.0,0.008377806,0.0010121028,0.00843872,normal
490,2450.0,2455.0,0.0002575682,0.0006730012,0.0007206053,normal
491,2455.0,2460.0,0.7169015,0.0023353982,0.7169053,fluctuating
492,2460.0,2465.0,0.9577531,0.0011771176,0.95775384,fluctuating
493,2465.0,2470.0,0.00017731196,0.0010505414,0.0010653998,normal
494,2470.0,2475.0,9.7862365e-05,0.011920671,0.011921072,normal
495,2475.0,2480.0,5.7311166e-07,0.019651618,0.019651618,normal
496,2480.0,2485.0,1.9112393e-07,0.038065627,0.038065627,normal
497,2485.0,2490.0,0.0042700954,0.005605128,0.007046359,normal
498,2490.0,2495.0,0.0040123793,0.00070779136,0.004074329,normal
499,2495.0,2500.0,6.7905617e-06,0.00035578187,0.00035584669,normal
500,2500.0,2505.0,0.0031483115,0.21519391,0.21521695,normal
501,2505.0,2510.0,7.294081e-05,0.024053883,0.024053993,normal
502,2510.0,2515.0,6.480788e-06,9.9852776e-05,0.00010006287,normal
503,2515.0,2520.0,0.000114081144,0.0006339867,0.000644169,normal
504,2520.0,2525.0,0.0004731964,0.00036076503,0.0005950347,normal
505,2525.0,2530.0,0.026562655,0.010185434,0.028448509,normal
506,2530.0,2535.0,0.9526169,0.037030876,0.95333636,fluctuating
507,2535.0,2540.0,4.4681754e-05,0.99973756,0.99973756,misalignment
508,2540.0,2545.0,4.899416e-05,0.9998455,0.9998455,misalignment
509,2545.0,2550.0,0.00012554301,0.0006825179,0.0006939681,normal
510,2550.0,2555.0,0.99870336,0.0002222349,0.99870336,fluctuating
511,2555.0,2560.0,0.00010181569,0.0008174392,0.00082375563,normal
512,2560.0,2565.0,0.030385647,0.020190058,0.036481857,normal
513,2565.0,2570.0,0.0062189815,0.0030213357,0.0069140582,normal
514,2570.0,2575.0,0.12594715,0.011435722,0.12646526,normal
515,2575.0,2580.0,5.61424e-07,6.113599e-05,6.113856e-05,normal
516,2580.0,2585.0,2.7800546e-05,0.00032415235,0.00032534232,normal
517,2585.0,2590.0,0.0005540045,0.0048724944,0.004903889,normal
518,2590.0,2595.0,3.3727583e-06,3.0529787e-05,3.0715524e-05,normal
519,2595.0,2600.0,4.113059e-08,0.00038775103,0.00038775103,normal
520,2600.0,2605.0,3.2979575e-09,0.17199585,0.17199585,normal
521,2605.0,2610.0,8.3225605e-05,0.00021791685,0.00023326863,normal
522,2610.0,2615.0,0.016816335,0.0059627756,0.017842192,normal
523,2615.0,2620.0,4.6200163e-05,0.00047048414,0.00047274705,normal
524,2620.0,2625.0,0.001623148,0.00036014308,0.0016626222,normal
525,2625.0,2630.0,6.6679468e-06,0.00021979322,0.00021989434,normal
526,2630.0,2635.0,0.00011795148,0.98899066,0.98899066,misalignment
527,2635.0,2640.0,0.43890804,8.1710314e-05,0.43890804,normal
528,2640.0,2645.0,0.0022291702,0.0043004677,0.004843885,normal
529,2645.0,2650.0,0.32471833,5.967487e-06,0.32471833,normal
530,2650.0,2655.0,0.00836393,0.97021735,0.9702534,misalignment
531,2655.0,2660.0,0.9898707,7.970371e-05,0.9898707,fluctuating
532,2660.0,2665.0,0.99999964,6.38571e-08,0.99999964,fluctuating
533,2665.0,2670.0,0.0001678991,0.080730885,0.080731064,normal
534,2670.0,2675.0,0.07531631,0.15360622,0.17107722,normal
535,2675.0,2680.0,1.4988192e-06,6.0823484e-05,6.0841947e-05,normal
536,2680.0,2685.0,0.0006336935,0.100306675,0.10030867,normal
537,2685.0,2690.0,0.00040848643,0.007682331,0.007693183,normal
538,2690.0,2695.0,0.13532317,0.00026647482,0.13532342,normal
539,2695.0,2700.0,0.0030600533,0.020922024,0.021144621,normal
540,2700.0,2705.0,7.2790526e-06,0.068082124,0.068082124,normal
541,2705.0,2710.0,0.00010806223,0.0019619379,0.0019649116,normal
542,2710.0,2715.0,0.011506224,0.0008816074,0.011539949,normal
543,2715.0,2720.0,0.01572346,0.019025292,0.024681753,normal
544,2720.0,2725.0,4.697124e-05,0.012090825,0.012090916,normal
545,2725.0,2730.0,0.00032268127,0.000309223,0.0004469251,normal
546,2730.0,2735.0,0.023245908,0.0012622416,0.023280153,normal
547,2735.0,2740.0,0.00081465655,0.00068557076,0.0010647406,normal
548,2740.0,2745.0,0.00019706925,0.027249034,0.027249748,normal
549,2745.0,2750.0,5.7331257e-05,0.0008919137,0.0008937544,normal
550,2750.0,2755.0,0.00758053,0.059453584,0.059934907,normal
551,2755.0,2760.0,9.880681e-05,0.010036485,0.010036971,normal
552,2760.0,2765.0,0.3727414,0.04767133,0.37577748,normal
553,2765.0,2770.0,0.11198526,0.0011839055,0.11199152,normal
554,2770.0,2775.0,0.012984801,0.03999125,0.04204646,normal
555,2775.0,2780.0,1.2857371e-05,9.425953e-05,9.513239e-05,normal
556,2780.0,2785.0,0.00012003731,4.0998725e-06,0.0001201073,normal
557,2785.0,2790.0,1.8646276e-09,0.996082,0.996082,misalignment
558,2790.0,2795.0,4.9084323e-05,0.0026964238,0.0026968706,normal
559,2795.0,2800.0,0.0005019141,0.005453817,0.005476864,normal
560,2800.0,2805.0,0.1586104,0.00023812406,0.15861058,normal
561,2805.0,2810.0,4.3542277e-05,0.0026833212,0.0026836745,normal
562,2810.0,2815.0,0.0010009687,0.042072274,0.04208418,normal
563,2815.0,2820.0,1.6807564e-05,0.00016515692,0.00016600995,normal
564,2820.0,2825.0,0.012875718,0.00023027475,0.012877777,normal
565,2825.0,2830.0,0.01010729,0.016502222,0.019351501,normal
566,2830.0,2835.0,0.0038822924,0.001221969,0.0040700617,normal
567,2835.0,2840.0,0.015213712,0.0008042426,0.015234955,normal
568,2840.0,2845.0,0.00020490665,0.0048364326,0.004840771,normal
569,2845.0,2850.0,0.008001204,0.00031541495,0.008007418,normal
570,2850.0,2855.0,0.00026964492,0.7038194,0.70381945,misalignment
571,2855.0,2860.0,3.377912e-06,9.1314876e-05,9.137733e-05,normal
572,2860.0,2865.0,2.4335492e-05,0.0005275377,0.0005280987,normal
573,2865.0,2870.0,9.920098e-06,5.30254e-05,5.3945358e-05,normal
574,2870.0,2875.0,0.0073174806,0.3626362,0.36271,normal
575,2875.0,2880.0,0.0008089735,9.191401e-05,0.0008141783,normal
576,2880.0,2885.0,2.617933e-05,0.00029216814,0.00029333867,normal
577,2885.0,2890.0,0.99996245,3.892621e-05,0.99996245,fluctuating
578,2890.0,2895.0,0.0054926514,0.18955751,0.18963706,normal
579,2895.0,2900.0,0.00023203659,0.00019377108,0.00030230483,normal
580,2900.0,2905.0,6.1312014e-05,0.00032722036,0.0003329149,normal
581,2905.0,2910.0,0.00028310035,0.00024463108,0.00037415262,normal
582,2910.0,2915.0,0.0002830642,0.0024324534,0.0024488682,normal
583,2915.0,2920.0,0.011011971,0.017423209,0.020611446,normal
584,2920.0,2925.0,4.0754112e-05,0.0013867049,0.0013873036,normal
585,2925.0,2930.0,6.7264436e-06,0.0020750803,0.002075091,normal
586,2930.0,2935.0,2.9186522e-05,0.0023107952,0.0023109796,normal
587,2935.0,2940.0,6.0478887e-05,0.002458903,0.0024596467,normal
588,2940.0,2945.0,7.960299e-05,0.082166426,0.08216646,normal
589,2945.0,2950.0,5.5308706e-06,0.003350274,0.0033502786,normal
590,2950.0,2955.0,0.00014118176,0.2291054,0.22910544,normal
591,2955.0,2960.0,0.00026839404,0.013633937,0.013636578,normal
592,2960.0,2965.0,5.0300912e-08,0.02161858,0.02161858,normal
593,2965.0,2970.0,0.11336474,0.00014077981,0.11336482,normal
594,2970.0,2975.0,0.4549627,0.00028520398,0.4549628,normal
595,2975.0,2980.0,0.00020085952,0.002327881,0.0023365305,normal
596,2980.0,2985.0,0.009250175,0.6775544,0.67761755,misalignment
597,2985.0,2990.0,2.265154e-05,0.00064136845,0.00064176833,normal
598,2990.0,2995.0,0.00030689104,0.057415232,0.057416055,normal
599,2995.0,3000.0,0.0042435876,0.047422178,0.04761167,normal
600,3000.0,3005.0,4.46509e-06,3.0908956e-05,3.1229803e-05,normal
601,3005.0,3010.0,9.087865e-07,2.9276955e-06,3.0655008e-06,normal
602,3010.0,3015.0,5.6564554e-06,0.04087883,0.04087883,normal
603,3015.0,3020.0,0.00083831884,0.0008245741,0.001175883,normal
604,3020.0,3025.0,4.370647e-06,0.00066627865,0.00066629297,normal
605,3025.0,3030.0,0.0003668315,0.009400611,0.009407765,normal
606,3030.0,3035.0,0.034972984,0.21479338,0.21762194,normal
607,3035.0,3040.0,0.07907148,0.00017806185,0.07907168,normal
608,3040.0,3045.0,0.0009721461,0.00015322817,0.0009841478,normal
609,3045.0,3050.0,1.3179742e-05,0.72877055,0.72877055,misalignment
610,3050.0,3055.0,0.00026604126,0.0030120956,0.0030238216,normal
611,3055.0,3060.0,5.2564707e-07,0.0003619415,0.00036194187,normal
612,3060.0,3065.0,8.1136364e-05,7.969816e-05,0.00011373173,normal
613,3065.0,3070.0,0.004925118,0.024430986,0.024922477,normal
614,3070.0,3075.0,0.001558309,0.023512645,0.023564227,normal
615,3075.0,3080.0,0.00026708885,0.00060817937,0.0006642429,normal
616,3080.0,3085.0,0.1373422,3.4303625e-07,0.1373422,normal
617,3085.0,3090.0,0.012659132,0.0047881086,0.013534386,normal
618,3090.0,3095.0,0.26330972,0.00026655613,0.26330987,normal
619,3095.0,3100.0,0.039185844,0.0021303145,0.03924371,normal
620,3100.0,3105.0,7.907634e-05,8.29324e-05,0.000114589915,normal
621,3105.0,3110.0,0.003771115,0.000994648,0.0039000814,normal
622,3110.0,3115.0,0.0003241548,0.003358814,0.0033744196,normal
623,3115.0,3120.0,0.63787913,0.00012496638,0.63787913,fluctuating
624,3120.0,3125.0,0.00023874696,0.0085137095,0.008517057,normal
625,3125.0,3130.0,0.00025137296,0.001898665,0.0019152329,normal
626,3130.0,3135.0,3.0063135e-05,0.00013482771,0.00013813871,normal
627,3135.0,3140.0,5.842018e-10,0.9941227,0.9941227,misalignment
628,3140.0,3145.0,2.2914398e-10,0.9983541,0.9983541,misalignment
629,3145.0,3150.0,4.183124e-05,0.000108933156,0.00011668884,normal
630,3150.0,3155.0,0.00022032131,0.00014532973,0.000263936,normal
631,3155.0,3160.0,0.003651399,0.006184084,0.0071816156,normal
632,3160.0,3165.0,2.2683812e-06,0.00011824787,0.00011826963,normal
633,3165.0,3170.0,0.0014084324,0.005884789,0.0060509853,normal
634,3170.0,3175.0,0.0021324148,0.0010380702,0.0023716625,normal
635,3175.0,3180.0,0.009975048,0.0012072725,0.01004784,normal
636,3180.0,3185.0,0.0016986511,0.0004925616,0.0017686245,normal
637,3185.0,3190.0,0.012609605,0.7628379,0.76294214,misalignment
638,3190.0,3195.0,0.0046441643,0.06483576,0.065001875,normal
639,3195.0,3200.0,7.795923e-05,0.0004015712,0.00040906854,normal
640,3200.0,3205.0,0.0026620098,0.00066852674,0.002744672,normal
641,3205.0,3210.0,0.0003847041,0.000781097,0.000870695,normal
642,3210.0,3215.0,1.4564245e-06,9.477805e-05,9.478924e-05,normal
643,3215.0,3220.0,0.002571307,0.025061706,0.025193268,normal
644,3220.0,3225.0,8.487909e-05,0.003683288,0.003684266,normal
645,3225.0,3230.0,0.00042792154,0.00063213625,0.00076335645,normal
646,3230.0,3235.0,0.00032481994,0.011639498,0.01164403,normal
647,3235.0,3240.0,0.00020034461,0.0032750256,0.0032811477,normal
648,3240.0,3245.0,2.941962e-07,6.021147e-05,6.021219e-05,normal
649,3245.0,3250.0,0.0030081316,0.7820774,0.78208315,misalignment
650,3250.0,3255.0,0.9758296,0.00012433155,0.9758296,fluctuating
651,3255.0,3260.0,2.106602e-07,3.674525e-05,3.6745852e-05,normal
652,3260.0,3265.0,7.69513e-09,0.92351216,0.92351216,misalignment
653,3265.0,3270.0,8.409717e-06,0.0005605991,0.0005606622,normal
654,3270.0,3275.0,5.0367198e-05,0.0022984312,0.002298983,normal
655,3275.0,3280.0,0.9713589,0.009382378,0.9714042,fluctuating
656,3280.0,3285.0,0.00024749158,0.000116435695,0.00027351297,normal
657,3285.0,3290.0,0.000517198,0.0022489864,0.00230769,normal
658,3290.0,3295.0,0.020902429,0.0032061615,0.021146892,normal
659,3295.0,3300.0,0.109702624,7.410274e-05,0.10970265,normal
660,3300.0,3305.0,1.13473425e-05,0.0013649052,0.0013649523,normal
661,3305.0,3310.0,9.888896e-07,0.0055768834,0.0055768834,normal
662,3310.0,3315.0,0.0017625005,3.2935808e-05,0.0017628082,normal
663,3315.0,3320.0,5.856058e-12,0.0005916999,0.0005916999,normal
664,3320.0,3325.0,5.7178394e-08,0.000320583,0.000320583,normal
665,3325.0,3330.0,0.04934798,0.004674096,0.049568847,normal
666,3330.0,3335.0,0.0002891253,0.00034550065,0.00045051542,normal
667,3335.0,3340.0,0.04635185,0.0003153419,0.046352923,normal
668,3340.0,3345.0,7.300059e-05,0.0007194812,0.0007231752,normal
669,3345.0,3350.0,9.545146e-06,4.128312e-05,4.237223e-05,normal
670,3350.0,3355.0,4.2186834e-06,0.003352744,0.0033527468,normal
671,3355.0,3360.0,1.0867627e-05,0.00018800436,0.0001883182,normal
672,3360.0,3365.0,0.0043480946,0.0006347576,0.004394183,normal
673,3365.0,3370.0,9.97814e-05,0.00010155959,0.00014237512,normal
674,3370.0,3375.0,0.00404683,0.00021211377,0.004052385,normal
675,3375.0,3380.0,1.1701716e-11,0.06212011,0.06212011,normal
676,3380.0,3385.0,2.161317e-11,0.98005944,0.98005944,misalignment
677,3385.0,3390.0,0.00014157325,9.719731e-05,0.00017172741,normal
678,3390.0,3395.0,0.00011279436,2.784786e-05,0.000116181196,normal
679,3395.0,3400.0,0.00012220535,0.00015274387,0.000195614,normal
680,3400.0,3405.0,2.9224428e-05,0.013506018,0.013506049,normal
681,3405.0,3410.0,0.0004057395,0.008417832,0.008427604,normal
682,3410.0,3415.0,2.0567738e-06,8.378492e-05,8.381016e-05,normal
683,3415.0,3420.0,0.012705679,2.7820572e-05,0.012705709,normal
684,3420.0,3425.0,0.00074117346,0.00042434927,0.0008540553,normal
685,3425.0,3430.0,2.2653614e-05,5.977991e-05,6.392827e-05,normal
686,3430.0,3435.0,0.00026993043,0.00040677062,0.00048818518,normal
687,3435.0,3440.0,0.9998286,4.5502393e-09,0.9998286,fluctuating
688,3440.0,3445.0,1.0,5.37611e-11,1.0,fluctuating
689,3445.0,3450.0,0.0013691722,0.016328575,0.016385878,normal
690,3450.0,3455.0,0.00045564066,0.0065868413,0.0066025816,normal
691,3455.0,3460.0,0.001141565,0.004713139,0.0048494176,normal
692,3460.0,3465.0,2.0497582e-05,0.00012591995,0.00012757737,normal
693,3465.0,3470.0,0.023519494,0.0004332336,0.023523483,normal
694,3470.0,3475.0,7.012366e-06,7.950687e-05,7.981551e-05,normal
695,3475.0,3480.0,0.14929089,4.2243588e-05,0.14929089,normal
696,3480.0,3485.0,4.496944e-05,0.007797348,0.0077974773,normal
697,3485.0,3490.0,0.0047597676,0.0054781316,0.007257087,normal
698,3490.0,3495.0,3.0787367e-05,3.6039302e-05,4.7399295e-05,normal
