window_id,start_time,end_time,prob_fluctuating,prob_unbalance,anomaly_vector_norm,pred_label
0,0.0,10.0,0.9999878,3.0696392e-06,0.9999878,fluctuating
1,5.0,15.0,0.9999386,1.3947487e-05,0.9999386,fluctuating
2,10.0,20.0,0.9999635,6.9737434e-06,0.9999635,fluctuating
3,15.0,25.0,0.9998158,3.027916e-05,0.9998158,fluctuating
4,20.0,30.0,0.99810755,4.8935413e-05,0.99810755,fluctuating
5,25.0,35.0,0.9978562,0.00010856986,0.9978562,fluctuating
6,30.0,40.0,0.9999503,9.5665455e-06,0.9999503,fluctuating
7,35.0,45.0,0.99986166,5.2303076e-05,0.99986166,fluctuating
8,40.0,50.0,0.99990535,3.0428171e-05,0.99990535,fluctuating
9,45.0,55.0,0.99991214,2.6971102e-05,0.99991214,fluctuating
10,50.0,60.0,0.99964,0.000107973814,0.99964,fluctuating
11,55.0,65.0,0.999773,4.464388e-05,0.999773,fluctuating
12,60.0,70.0,0.9998713,1.9192696e-05,0.9998713,fluctuating
13,65.0,75.0,0.9998896,2.2560358e-05,0.9998896,fluctuating
14,70.0,80.0,0.99996626,6.3180923e-06,0.99996626,fluctuating
15,75.0,85.0,0.99979144,1.8775463e-06,0.99979144,fluctuating
16,80.0,90.0,0.9998806,1.2516975e-06,0.9998806,fluctuating
17,85.0,95.0,0.99996364,7.390976e-06,0.99996364,fluctuating
18,90.0,100.0,0.9999895,3.0696392e-06,0.9999895,fluctuating
19,95.0,105.0,0.9999899,1.937151e-06,0.9999899,fluctuating
20,100.0,110.0,0.9999467,1.3709068e-05,0.9999467,fluctuating
21,105.0,115.0,0.99992394,6.467104e-06,0.99992394,fluctuating
22,110.0,120.0,0.9998808,1.0222197e-05,0.9998808,fluctuating
23,115.0,125.0,0.9999582,9.4771385e-06,0.9999582,fluctuating
24,120.0,130.0,0.99994063,1.257658e-05,0.99994063,fluctuating
25,125.0,135.0,0.9999607,6.7055225e-06,0.9999607,fluctuating
26,130.0,140.0,0.99992573,2.3394823e-05,0.99992573,fluctuating
27,135.0,145.0,0.9999056,2.6911497e-05,0.9999056,fluctuating
28,140.0,150.0,0.9999359,1.9848347e-05,0.9999359,fluctuating
29,145.0,155.0,0.99987346,3.8325787e-05,0.99987346,fluctuating
30,150.0,160.0,0.9993954,0.00014996529,0.9993954,fluctuating
31,155.0,165.0,0.9998903,2.1874905e-05,0.9998903,fluctuating
32,160.0,170.0,0.99991584,1.5109777e-05,0.99991584,fluctuating
33,165.0,175.0,0.99997663,4.6789646e-06,0.99997663,fluctuating
34,170.0,180.0,0.9999084,1.9699335e-05,0.9999084,fluctuating
35,175.0,185.0,0.99235535,1.0430813e-06,0.99235535,fluctuating
36,180.0,190.0,0.99890584,8.6426735e-07,0.99890584,fluctuating
37,185.0,195.0,0.9999063,2.270937e-05,0.9999063,fluctuating
38,190.0,200.0,0.9995123,0.00014579296,0.9995123,fluctuating
39,195.0,205.0,0.99961936,6.303191e-05,0.99961936,fluctuating
40,200.0,210.0,0.99962735,3.6656857e-05,0.99962735,fluctuating
41,205.0,215.0,0.99984896,1.0371208e-05,0.99984896,fluctuating
42,210.0,220.0,0.9999479,4.61936e-06,0.9999479,fluctuating
43,215.0,225.0,0.9999651,8.404255e-06,0.9999651,fluctuating
44,220.0,230.0,0.9998425,3.7372112e-05,0.9998425,fluctuating
45,225.0,235.0,0.99988085,2.30968e-05,0.99988085,fluctuating
46,230.0,240.0,0.9998473,2.6375055e-05,0.9998473,fluctuating
47,235.0,245.0,0.99967617,7.2449446e-05,0.99967617,fluctuating
48,240.0,250.0,0.9998934,5.6922436e-06,0.9998934,fluctuating
49,245.0,255.0,0.9998573,7.212162e-06,0.9998573,fluctuating
50,250.0,260.0,0.997303,0.0002015531,0.997303,fluctuating
51,255.0,265.0,0.99825,0.00019392371,0.99825,fluctuating
52,260.0,270.0,0.99919343,0.00015887618,0.99919343,fluctuating
53,265.0,275.0,0.998139,0.00049322844,0.99813914,fluctuating
54,270.0,280.0,0.99918616,0.00018376112,0.99918616,fluctuating
55,275.0,285.0,0.9941385,0.0014584959,0.99413955,fluctuating
56,280.0,290.0,0.9971166,0.00082811713,0.997117,fluctuating
57,285.0,295.0,0.9996241,6.005168e-05,0.9996241,fluctuating
58,290.0,300.0,0.99696976,2.002716e-05,0.99696976,fluctuating
59,295.0,305.0,0.9988726,2.321601e-05,0.9988726,fluctuating
60,300.0,310.0,0.9991319,6.118417e-05,0.9991319,fluctuating
61,305.0,315.0,0.99927866,6.631017e-05,0.99927866,fluctuating
62,310.0,320.0,0.9972062,0.0013003647,0.99720705,fluctuating
63,315.0,325.0,0.9996244,0.00011232495,0.9996244,fluctuating
64,320.0,330.0,0.9997186,0.00014385581,0.9997186,fluctuating
65,325.0,335.0,0.9999528,2.399087e-05,0.9999528,fluctuating
66,330.0,340.0,0.99940944,0.00039952993,0.99940956,fluctuating
67,335.0,345.0,0.99947405,0.00025239587,0.9994741,fluctuating
68,340.0,350.0,0.998998,0.0002925396,0.99899805,fluctuating
69,345.0,355.0,0.9992023,0.00014305115,0.9992023,fluctuating
70,350.0,360.0,0.9998896,3.120303e-05,0.9998896,fluctuating
71,355.0,365.0,0.99950916,0.00021257997,0.99950916,fluctuating
72,360.0,370.0,0.99946046,0.00014409423,0.99946046,fluctuating
73,365.0,375.0,0.9993703,0.00018909574,0.99937034,fluctuating
74,370.0,380.0,0.9995718,0.00014010072,0.9995718,fluctuating
75,375.0,385.0,0.9984173,0.0007688999,0.9984176,fluctuating
76,380.0,390.0,0.9907181,0.00047767162,0.99071825,fluctuating
77,385.0,395.0,0.92429316,0.00038829446,0.9242933,fluctuating
78,390.0,400.0,0.9888465,5.5015087e-05,0.9888465,fluctuating
79,395.0,405.0,0.99960554,2.026558e-05,0.99960554,fluctuating
80,400.0,410.0,0.99955726,0.000114262104,0.99955726,fluctuating
81,405.0,415.0,0.99954593,9.405613e-05,0.99954593,fluctuating
82,410.0,420.0,0.9997465,8.741021e-05,0.9997465,fluctuating
83,415.0,425.0,0.9992453,0.00020223856,0.99924535,fluctuating
84,420.0,430.0,0.9994268,0.00014701486,0.9994268,fluctuating
85,425.0,435.0,0.9985526,0.00017568469,0.9985526,fluctuating
86,430.0,440.0,0.99317193,0.0012917519,0.99317276,fluctuating
87,435.0,445.0,0.99917805,0.00023853779,0.99917805,fluctuating
88,440.0,450.0,0.9993306,0.00021615624,0.99933064,fluctuating
89,445.0,455.0,0.9984349,0.00040760636,0.99843496,fluctuating
90,450.0,460.0,0.9995603,0.00012394786,0.9995603,fluctuating
91,455.0,465.0,0.9997132,0.00018563867,0.9997132,fluctuating
92,460.0,470.0,0.999758,7.1167946e-05,0.999758,fluctuating
93,465.0,475.0,0.99965966,4.9352646e-05,0.99965966,fluctuating
94,470.0,480.0,0.99981105,2.05338e-05,0.99981105,fluctuating
95,475.0,485.0,0.9977348,0.0004220903,0.99773484,fluctuating
96,480.0,490.0,0.9982534,0.0002180636,0.9982534,fluctuating
97,485.0,495.0,0.99935436,0.00013512373,0.99935436,fluctuating
98,490.0,500.0,0.9991375,0.0002810061,0.9991375,fluctuating
99,495.0,505.0,0.99929726,0.00023907423,0.99929726,fluctuating
100,500.0,510.0,0.9996868,0.00010982156,0.9996868,fluctuating
101,505.0,515.0,0.99971294,9.295344e-05,0.99971294,fluctuating
102,510.0,520.0,0.9999367,1.335144e-05,0.9999367,fluctuating
103,515.0,525.0,0.99992156,1.5825033e-05,0.99992156,fluctuating
104,520.0,530.0,0.9997813,4.23193e-06,0.9997813,fluctuating
105,525.0,535.0,0.9998213,2.5629997e-06,0.9998213,fluctuating
106,530.0,540.0,0.9998986,2.270937e-05,0.9998986,fluctuating
107,535.0,545.0,0.9998902,7.748604e-07,0.9998902,fluctuating
108,540.0,550.0,0.9996554,1.3411045e-06,0.9996554,fluctuating
109,545.0,555.0,0.9996786,7.4118376e-05,0.9996786,fluctuating
110,550.0,560.0,0.9998183,4.3094158e-05,0.9998183,fluctuating
111,555.0,565.0,0.99971366,5.197525e-05,0.99971366,fluctuating
112,560.0,570.0,0.9999536,1.1503696e-05,0.9999536,fluctuating
113,565.0,575.0,0.9995253,0.0002245903,0.99952537,fluctuating
114,570.0,580.0,0.9986732,0.00051674247,0.9986733,fluctuating
115,575.0,585.0,0.99611104,0.0010905266,0.99611163,fluctuating
116,580.0,590.0,0.9994595,0.00021228194,0.99945956,fluctuating
117,585.0,595.0,0.9996966,0.0001206398,0.9996966,fluctuating
118,590.0,600.0,0.99913424,0.00014987588,0.99913424,fluctuating
119,595.0,605.0,0.99982584,2.4348497e-05,0.99982584,fluctuating
120,600.0,610.0,0.99919236,0.00018444657,0.9991924,fluctuating
121,605.0,615.0,0.99993014,1.4126301e-05,0.99993014,fluctuating
122,610.0,620.0,0.9999486,1.2904406e-05,0.9999486,fluctuating
123,615.0,625.0,0.99994516,1.3738871e-05,0.99994516,fluctuating
124,620.0,630.0,0.99982977,6.8068504e-05,0.99982977,fluctuating
125,625.0,635.0,0.9993907,0.00017261505,0.9993907,fluctuating
126,630.0,640.0,0.999858,2.4050474e-05,0.999858,fluctuating
127,635.0,645.0,0.99975127,3.889203e-05,0.99975127,fluctuating
128,640.0,650.0,0.99977696,5.4121017e-05,0.99977696,fluctuating
129,645.0,655.0,0.9998133,5.0395727e-05,0.9998133,fluctuating
130,650.0,660.0,0.9969919,0.00064238906,0.9969921,fluctuating
131,655.0,665.0,0.99867654,0.0003887713,0.9986766,fluctuating
132,660.0,670.0,0.9967468,0.0011194646,0.99674743,fluctuating
133,665.0,675.0,0.9994913,0.00015631318,0.9994913,fluctuating
134,670.0,680.0,0.99946845,0.0002720952,0.9994685,fluctuating
135,675.0,685.0,0.99929094,0.00023078918,0.99929094,fluctuating
136,680.0,690.0,0.9990653,0.00025632977,0.99906534,fluctuating
137,685.0,695.0,0.9993653,0.00020223856,0.9993654,fluctuating
138,690.0,700.0,0.99941903,0.00016099215,0.99941903,fluctuating
139,695.0,705.0,0.9992634,0.000104516745,0.9992634,fluctuating
140,700.0,710.0,0.9994444,9.435415e-05,0.9994444,fluctuating
141,705.0,715.0,0.99910414,0.00017139316,0.99910414,fluctuating
142,710.0,720.0,0.9975172,0.00045257807,0.9975173,fluctuating
143,715.0,725.0,0.99368256,0.0010470152,0.9936831,fluctuating
144,720.0,730.0,0.9997182,0.00010070205,0.9997182,fluctuating
145,725.0,735.0,0.9995914,0.00023263693,0.99959147,fluctuating
146,730.0,740.0,0.9987984,0.0005505383,0.9987985,fluctuating
147,735.0,745.0,0.9973418,0.001185596,0.9973425,fluctuating
148,740.0,750.0,0.9987527,0.0003748238,0.9987528,fluctuating
149,745.0,755.0,0.99770224,0.00076675415,0.99770254,fluctuating
150,750.0,760.0,0.9991603,0.0004310608,0.9991604,fluctuating
151,755.0,765.0,0.99873334,0.00035598874,0.9987334,fluctuating
152,760.0,770.0,0.99853873,0.00028789043,0.9985388,fluctuating
153,765.0,775.0,0.99956703,0.00013205409,0.99956703,fluctuating
154,770.0,780.0,0.99901056,0.0004041493,0.9990106,fluctuating
155,775.0,785.0,0.9904912,0.005642444,0.9905073,fluctuating
156,780.0,790.0,0.9979421,0.00046876073,0.9979422,fluctuating
157,785.0,795.0,0.998609,0.00018081069,0.998609,fluctuating
158,790.0,800.0,0.99886876,0.0001488328,0.99886876,fluctuating
159,795.0,805.0,0.9984448,0.00021141768,0.99844486,fluctuating
160,800.0,810.0,0.99015003,0.00058591366,0.9901502,fluctuating
161,805.0,815.0,0.98682404,0.0066361725,0.9868464,fluctuating
162,810.0,820.0,0.9969756,0.0021963716,0.996978,fluctuating
163,815.0,825.0,0.99687624,0.001298219,0.9968771,fluctuating
164,820.0,830.0,0.99417967,0.0019047856,0.9941815,fluctuating
165,825.0,835.0,0.99416554,0.002313137,0.9941682,fluctuating
166,830.0,840.0,0.98453,0.008251309,0.98456454,fluctuating
167,835.0,845.0,0.9933349,0.0022345185,0.9933374,fluctuating
168,840.0,850.0,0.9924693,0.0029079616,0.99247354,fluctuating
169,845.0,855.0,0.9999385,3.0994415e-06,0.9999385,fluctuating
170,850.0,860.0,0.99971265,5.6922436e-06,0.99971265,fluctuating
171,855.0,865.0,0.9877298,0.006496221,0.9877511,fluctuating
172,860.0,870.0,0.97965765,0.0029046834,0.979662,fluctuating
173,865.0,875.0,0.9586228,0.0019315183,0.9586248,fluctuating
174,870.0,880.0,0.9948081,0.001567483,0.99480927,fluctuating
175,875.0,885.0,0.9871385,0.0077118874,0.9871686,fluctuating
176,880.0,890.0,0.9954647,0.0030973852,0.9954695,fluctuating
177,885.0,895.0,0.9756421,0.010915965,0.9757031,fluctuating
178,890.0,900.0,0.9832561,0.002714932,0.98325986,fluctuating
179,895.0,905.0,0.99275374,0.002205342,0.9927562,fluctuating
180,900.0,910.0,0.9955777,0.0017034411,0.9955792,fluctuating
181,905.0,915.0,0.9956671,0.0019724965,0.99566907,fluctuating
182,910.0,920.0,0.99498653,0.0023852289,0.9949894,fluctuating
183,915.0,925.0,0.99313545,0.002356708,0.99313825,fluctuating
184,920.0,930.0,0.9912487,0.0012093186,0.9912495,fluctuating
185,925.0,935.0,0.99586684,0.00221318,0.9958693,fluctuating
186,930.0,940.0,0.9960028,0.0020655096,0.99600494,fluctuating
187,935.0,945.0,0.99490833,0.002390027,0.9949112,fluctuating
188,940.0,950.0,0.99277925,0.0033753812,0.992785,fluctuating
189,945.0,955.0,0.9960929,0.0016172826,0.9960942,fluctuating
190,950.0,960.0,0.9979234,0.001416713,0.9979244,fluctuating
191,955.0,965.0,0.9979919,0.00074759126,0.9979922,fluctuating
192,960.0,970.0,0.9957038,0.0008881092,0.99570423,fluctuating
193,965.0,975.0,0.9993416,0.00018328428,0.9993416,fluctuating
194,970.0,980.0,0.999823,5.555153e-05,0.999823,fluctuating
195,975.0,985.0,0.9967083,0.0004030764,0.9967084,fluctuating
196,980.0,990.0,0.99181455,0.00033199787,0.9918146,fluctuating
197,985.0,995.0,0.99931306,0.00020232797,0.9993131,fluctuating
198,990.0,1000.0,0.9986422,0.00081527233,0.99864256,fluctuating
199,995.0,1005.0,0.99808437,0.0007405877,0.99808466,fluctuating
200,1000.0,1010.0,0.9993424,0.00011599064,0.9993424,fluctuating
201,1005.0,1015.0,0.999892,2.6017427e-05,0.999892,fluctuating
202,1010.0,1020.0,0.9999158,2.1249056e-05,0.9999158,fluctuating
203,1015.0,1025.0,0.99994576,8.761883e-06,0.99994576,fluctuating
204,1020.0,1030.0,0.99986887,1.9997358e-05,0.99986887,fluctuating
205,1025.0,1035.0,0.99984616,2.3037195e-05,0.99984616,fluctuating
206,1030.0,1040.0,0.99976677,4.7385693e-05,0.99976677,fluctuating
207,1035.0,1045.0,0.99985576,3.257394e-05,0.99985576,fluctuating
208,1040.0,1050.0,0.9995744,0.00017130375,0.9995744,fluctuating
209,1045.0,1055.0,0.99951565,5.5104494e-05,0.99951565,fluctuating
210,1050.0,1060.0,0.9965726,0.00013825297,0.9965726,fluctuating
211,1055.0,1065.0,0.999925,1.2069941e-05,0.999925,fluctuating
212,1060.0,1070.0,0.999979,5.632639e-06,0.999979,fluctuating
213,1065.0,1075.0,0.9999671,6.6161156e-06,0.9999671,fluctuating
214,1070.0,1080.0,0.99997824,2.7120113e-06,0.99997824,fluctuating
215,1075.0,1085.0,0.9999659,3.963709e-06,0.9999659,fluctuating
216,1080.0,1090.0,0.9999695,3.516674e-06,0.9999695,fluctuating
217,1085.0,1095.0,0.9999852,1.5795231e-06,0.9999852,fluctuating
218,1090.0,1100.0,0.9999673,4.23193e-06,0.9999673,fluctuating
219,1095.0,1105.0,0.99999624,3.5762787e-07,0.99999624,fluctuating
220,1100.0,1110.0,0.9999936,7.748604e-07,0.9999936,fluctuating
221,1105.0,1115.0,0.9999888,1.4007092e-06,0.9999888,fluctuating
222,1110.0,1120.0,0.9999931,8.6426735e-07,0.9999931,fluctuating
223,1115.0,1125.0,0.99999464,3.5762787e-07,0.99999464,fluctuating
224,1120.0,1130.0,0.999987,1.4603138e-06,0.999987,fluctuating
225,1125.0,1135.0,0.99999034,1.7881393e-06,0.99999034,fluctuating
226,1130.0,1140.0,0.9999963,6.2584877e-07,0.9999963,fluctuating
227,1135.0,1145.0,0.99999577,7.748604e-07,0.99999577,fluctuating
228,1140.0,1150.0,0.99997914,3.0100346e-06,0.99997914,fluctuating
229,1145.0,1155.0,0.9999593,3.4570694e-06,0.9999593,fluctuating
230,1150.0,1160.0,0.999931,7.033348e-06,0.999931,fluctuating
231,1155.0,1165.0,0.9999522,6.735325e-06,0.9999522,fluctuating
232,1160.0,1170.0,0.99997747,4.053116e-06,0.99997747,fluctuating
233,1165.0,1175.0,0.9999823,2.1755695e-06,0.9999823,fluctuating
234,1170.0,1180.0,0.99997765,2.4735928e-06,0.99997765,fluctuating
235,1175.0,1185.0,0.9999585,8.5532665e-06,0.9999585,fluctuating
236,1180.0,1190.0,0.999995,8.34465e-07,0.999995,fluctuating
237,1185.0,1195.0,0.99999416,9.23872e-07,0.99999416,fluctuating
238,1190.0,1200.0,0.9999902,1.3113022e-06,0.9999902,fluctuating
239,1195.0,1205.0,0.99999344,5.9604645e-07,0.99999344,fluctuating
240,1200.0,1210.0,0.9999701,4.351139e-06,0.9999701,fluctuating
241,1205.0,1215.0,0.9999898,8.34465e-07,0.9999898,fluctuating
242,1210.0,1220.0,0.99998814,1.0728836e-06,0.99998814,fluctuating
243,1215.0,1225.0,0.9999913,6.854534e-07,0.9999913,fluctuating
244,1220.0,1230.0,0.99998283,1.6093254e-06,0.99998283,fluctuating
245,1225.0,1235.0,0.999988,9.834766e-07,0.999988,fluctuating
246,1230.0,1240.0,0.9999952,5.364418e-07,0.9999952,fluctuating
247,1235.0,1245.0,0.9999018,8.6426735e-06,0.9999018,fluctuating
248,1240.0,1250.0,0.99993443,8.583069e-06,0.99993443,fluctuating
249,1245.0,1255.0,0.9999933,6.2584877e-07,0.9999933,fluctuating
250,1250.0,1260.0,0.9999855,1.6987324e-06,0.9999855,fluctuating
251,1255.0,1265.0,0.9999968,2.9802322e-07,0.9999968,fluctuating
252,1260.0,1270.0,0.99998266,1.6391277e-06,0.99998266,fluctuating
253,1265.0,1275.0,0.99998283,1.7285347e-06,0.99998283,fluctuating
254,1270.0,1280.0,0.99999297,5.364418e-07,0.99999297,fluctuating
255,1275.0,1285.0,0.9999884,1.1026859e-06,0.9999884,fluctuating
256,1280.0,1290.0,0.99999446,5.364418e-07,0.99999446,fluctuating
257,1285.0,1295.0,0.9999943,5.662441e-07,0.9999943,fluctuating
258,1290.0,1300.0,0.9999808,3.6656857e-06,0.9999808,fluctuating
259,1295.0,1305.0,0.99998987,1.3411045e-06,0.99998987,fluctuating
260,1300.0,1310.0,0.99997044,3.0398369e-06,0.99997044,fluctuating
261,1305.0,1315.0,0.9999637,4.1127205e-06,0.9999637,fluctuating
262,1310.0,1320.0,0.99999607,5.662441e-07,0.99999607,fluctuating
263,1315.0,1325.0,0.99999636,4.172325e-07,0.99999636,fluctuating
264,1320.0,1330.0,0.9999974,1.4901161e-07,0.9999974,fluctuating
265,1325.0,1335.0,0.99999905,8.940697e-08,0.99999905,fluctuating
266,1330.0,1340.0,0.9999943,3.874302e-07,0.9999943,fluctuating
267,1335.0,1345.0,0.99995863,3.9339066e-06,0.99995863,fluctuating
268,1340.0,1350.0,0.9999789,2.3841858e-06,0.9999789,fluctuating
269,1345.0,1355.0,0.9999942,5.9604645e-07,0.9999942,fluctuating
270,1350.0,1360.0,0.99999726,1.7881393e-07,0.99999726,fluctuating
271,1355.0,1365.0,0.999999,8.940697e-08,0.999999,fluctuating
272,1360.0,1370.0,0.9999994,5.9604645e-08,0.9999994,fluctuating
273,1365.0,1375.0,0.9999986,1.1920929e-07,0.9999986,fluctuating
274,1370.0,1380.0,0.9999993,2.9802322e-08,0.9999993,fluctuating
275,1375.0,1385.0,0.99999917,0.0,0.99999917,fluctuating
276,1380.0,1390.0,0.9999976,1.7881393e-07,0.9999976,fluctuating
277,1385.0,1395.0,0.9999922,8.940697e-07,0.9999922,fluctuating
278,1390.0,1400.0,0.99993944,3.5762787e-07,0.99993944,fluctuating
279,1395.0,1405.0,0.99989855,8.34465e-07,0.99989855,fluctuating
280,1400.0,1410.0,0.9999867,7.1525574e-07,0.9999867,fluctuating
281,1405.0,1415.0,0.9999974,1.1920929e-07,0.9999974,fluctuating
282,1410.0,1420.0,0.99999416,4.7683716e-07,0.99999416,fluctuating
283,1415.0,1425.0,0.9999955,3.2782555e-07,0.9999955,fluctuating
284,1420.0,1430.0,0.99999726,2.3841858e-07,0.99999726,fluctuating
285,1425.0,1435.0,0.99999774,1.7881393e-07,0.99999774,fluctuating
286,1430.0,1440.0,0.9999969,1.4901161e-07,0.9999969,fluctuating
287,1435.0,1445.0,0.99998736,4.172325e-07,0.99998736,fluctuating
288,1440.0,1450.0,0.99999636,2.0861626e-07,0.99999636,fluctuating
289,1445.0,1455.0,0.99999046,2.9802322e-08,0.99999046,fluctuating
290,1450.0,1460.0,0.9999844,0.0,0.9999844,fluctuating
291,1455.0,1465.0,0.99999976,0.0,0.99999976,fluctuating
292,1460.0,1470.0,0.9999999,0.0,0.9999999,fluctuating
293,1465.0,1475.0,0.9999999,0.0,0.9999999,fluctuating
294,1470.0,1480.0,0.9999999,0.0,0.9999999,fluctuating
295,1475.0,1485.0,0.9999999,0.0,0.9999999,fluctuating
296,1480.0,1490.0,0.9999999,0.0,0.9999999,fluctuating
297,1485.0,1495.0,0.99999994,0.0,0.99999994,fluctuating
298,1490.0,1500.0,0.9999999,0.0,0.9999999,fluctuating
299,1495.0,1505.0,1.0,0.0,1.0,fluctuating
300,1500.0,1510.0,0.9999993,2.9802322e-08,0.9999993,fluctuating
301,1505.0,1515.0,0.99999905,8.940697e-08,0.99999905,fluctuating
302,1510.0,1520.0,0.9999998,0.0,0.9999998,fluctuating
303,1515.0,1525.0,1.0,0.0,1.0,fluctuating
304,1520.0,1530.0,0.99999994,0.0,0.99999994,fluctuating
305,1525.0,1535.0,1.0,0.0,1.0,fluctuating
306,1530.0,1540.0,0.9999999,0.0,0.9999999,fluctuating
307,1535.0,1545.0,1.0,0.0,1.0,fluctuating
308,1540.0,1550.0,1.0,0.0,1.0,fluctuating
309,1545.0,1555.0,1.0,0.0,1.0,fluctuating
310,1550.0,1560.0,1.0,0.0,1.0,fluctuating
311,1555.0,1565.0,1.0,0.0,1.0,fluctuating
312,1560.0,1570.0,1.0,0.0,1.0,fluctuating
313,1565.0,1575.0,1.0,0.0,1.0,fluctuating
314,1570.0,1580.0,0.99999976,0.0,0.99999976,fluctuating
315,1575.0,1585.0,1.0,0.0,1.0,fluctuating
316,1580.0,1590.0,1.0,0.0,1.0,fluctuating
317,1585.0,1595.0,1.0,0.0,1.0,fluctuating
318,1590.0,1600.0,1.0,0.0,1.0,fluctuating
319,1595.0,1605.0,1.0,0.0,1.0,fluctuating
320,1600.0,1610.0,1.0,0.0,1.0,fluctuating
321,1605.0,1615.0,1.0,0.0,1.0,fluctuating
322,1610.0,1620.0,1.0,0.0,1.0,fluctuating
323,1615.0,1625.0,1.0,0.0,1.0,fluctuating
324,1620.0,1630.0,1.0,0.0,1.0,fluctuating
325,1625.0,1635.0,0.9999999,0.0,0.9999999,fluctuating
326,1630.0,1640.0,1.0,0.0,1.0,fluctuating
327,1635.0,1645.0,1.0,0.0,1.0,fluctuating
328,1640.0,1650.0,1.0,0.0,1.0,fluctuating
329,1645.0,1655.0,0.9999999,0.0,0.9999999,fluctuating
330,1650.0,1660.0,0.9999999,0.0,0.9999999,fluctuating
331,1655.0,1665.0,1.0,0.0,1.0,fluctuating
332,1660.0,1670.0,0.9999999,0.0,0.9999999,fluctuating
333,1665.0,1675.0,1.0,0.0,1.0,fluctuating
334,1670.0,1680.0,1.0,0.0,1.0,fluctuating
335,1675.0,1685.0,1.0,0.0,1.0,fluctuating
336,1680.0,1690.0,1.0,0.0,1.0,fluctuating
337,1685.0,1695.0,1.0,0.0,1.0,fluctuating
338,1690.0,1700.0,1.0,0.0,1.0,fluctuating
339,1695.0,1705.0,1.0,0.0,1.0,fluctuating
340,1700.0,1710.0,0.9999995,0.0,0.9999995,fluctuating
341,1705.0,1715.0,0.9999995,0.0,0.9999995,fluctuating
342,1710.0,1720.0,1.0,0.0,1.0,fluctuating
343,1715.0,1725.0,1.0,0.0,1.0,fluctuating
344,1720.0,1730.0,1.0,0.0,1.0,fluctuating
345,1725.0,1735.0,1.0,0.0,1.0,fluctuating
346,1730.0,1740.0,0.9999999,0.0,0.9999999,fluctuating
347,1735.0,1745.0,1.0,0.0,1.0,fluctuating
348,1740.0,1750.0,1.0,0.0,1.0,fluctuating
349,1745.0,1755.0,0.99999994,0.0,0.99999994,fluctuating
350,1750.0,1760.0,1.0,0.0,1.0,fluctuating
351,1755.0,1765.0,1.0,0.0,1.0,fluctuating
352,1760.0,1770.0,0.9999998,0.0,0.9999998,fluctuating
353,1765.0,1775.0,0.99999976,0.0,0.99999976,fluctuating
354,1770.0,1780.0,1.0,0.0,1.0,fluctuating
355,1775.0,1785.0,1.0,0.0,1.0,fluctuating
356,1780.0,1790.0,1.0,0.0,1.0,fluctuating
357,1785.0,1795.0,1.0,0.0,1.0,fluctuating
358,1790.0,1800.0,1.0,0.0,1.0,fluctuating
359,1795.0,1805.0,1.0,0.0,1.0,fluctuating
360,1800.0,1810.0,1.0,0.0,1.0,fluctuating
361,1805.0,1815.0,1.0,0.0,1.0,fluctuating
362,1810.0,1820.0,1.0,0.0,1.0,fluctuating
363,1815.0,1825.0,1.0,0.0,1.0,fluctuating
364,1820.0,1830.0,1.0,0.0,1.0,fluctuating
365,1825.0,1835.0,0.99999994,0.0,0.99999994,fluctuating
366,1830.0,1840.0,0.9999995,0.0,0.9999995,fluctuating
367,1835.0,1845.0,0.99999976,0.0,0.99999976,fluctuating
368,1840.0,1850.0,0.9999999,0.0,0.9999999,fluctuating
369,1845.0,1855.0,1.0,0.0,1.0,fluctuating
370,1850.0,1860.0,1.0,0.0,1.0,fluctuating
371,1855.0,1865.0,1.0,0.0,1.0,fluctuating
372,1860.0,1870.0,1.0,0.0,1.0,fluctuating
373,1865.0,1875.0,1.0,0.0,1.0,fluctuating
374,1870.0,1880.0,1.0,0.0,1.0,fluctuating
375,1875.0,1885.0,1.0,0.0,1.0,fluctuating
376,1880.0,1890.0,0.9999996,0.0,0.9999996,fluctuating
377,1885.0,1895.0,0.999999,0.0,0.999999,fluctuating
378,1890.0,1900.0,1.0,0.0,1.0,fluctuating
379,1895.0,1905.0,1.0,0.0,1.0,fluctuating
380,1900.0,1910.0,1.0,0.0,1.0,fluctuating
381,1905.0,1915.0,1.0,0.0,1.0,fluctuating
382,1910.0,1920.0,1.0,0.0,1.0,fluctuating
383,1915.0,1925.0,1.0,0.0,1.0,fluctuating
384,1920.0,1930.0,1.0,0.0,1.0,fluctuating
385,1925.0,1935.0,1.0,0.0,1.0,fluctuating
386,1930.0,1940.0,1.0,0.0,1.0,fluctuating
387,1935.0,1945.0,1.0,0.0,1.0,fluctuating
388,1940.0,1950.0,1.0,0.0,1.0,fluctuating
389,1945.0,1955.0,0.99999994,0.0,0.99999994,fluctuating
390,1950.0,1960.0,0.9999988,0.0,0.9999988,fluctuating
391,1955.0,1965.0,0.9999998,0.0,0.9999998,fluctuating
392,1960.0,1970.0,1.0,0.0,1.0,fluctuating
393,1965.0,1975.0,1.0,0.0,1.0,fluctuating
394,1970.0,1980.0,1.0,0.0,1.0,fluctuating
395,1975.0,1985.0,1.0,0.0,1.0,fluctuating
396,1980.0,1990.0,1.0,0.0,1.0,fluctuating
397,1985.0,1995.0,1.0,0.0,1.0,fluctuating
398,1990.0,2000.0,1.0,0.0,1.0,fluctuating
399,1995.0,2005.0,1.0,0.0,1.0,fluctuating
400,2000.0,2010.0,1.0,0.0,1.0,fluctuating
401,2005.0,2015.0,1.0,0.0,1.0,fluctuating
402,2010.0,2020.0,0.99999994,0.0,0.99999994,fluctuating
403,2015.0,2025.0,1.0,0.0,1.0,fluctuating
404,2020.0,2030.0,1.0,0.0,1.0,fluctuating
405,2025.0,2035.0,0.99999994,0.0,0.99999994,fluctuating
406,2030.0,2040.0,1.0,0.0,1.0,fluctuating
407,2035.0,2045.0,0.9999999,0.0,0.9999999,fluctuating
408,2040.0,2050.0,0.9999999,0.0,0.9999999,fluctuating
409,2045.0,2055.0,0.99999964,0.0,0.99999964,fluctuating
410,2050.0,2060.0,0.99999976,0.0,0.99999976,fluctuating
411,2055.0,2065.0,1.0,0.0,1.0,fluctuating
412,2060.0,2070.0,1.0,0.0,1.0,fluctuating
413,2065.0,2075.0,1.0,0.0,1.0,fluctuating
414,2070.0,2080.0,0.9999999,0.0,0.9999999,fluctuating
415,2075.0,2085.0,0.9999996,0.0,0.9999996,fluctuating
416,2080.0,2090.0,0.9999998,0.0,0.9999998,fluctuating
417,2085.0,2095.0,0.9999999,0.0,0.9999999,fluctuating
418,2090.0,2100.0,1.0,0.0,1.0,fluctuating
419,2095.0,2105.0,1.0,0.0,1.0,fluctuating
420,2100.0,2110.0,1.0,0.0,1.0,fluctuating
421,2105.0,2115.0,0.9999999,0.0,0.9999999,fluctuating
422,2110.0,2120.0,0.99999994,0.0,0.99999994,fluctuating
423,2115.0,2125.0,0.9999999,0.0,0.9999999,fluctuating
424,2120.0,2130.0,0.9999999,0.0,0.9999999,fluctuating
425,2125.0,2135.0,0.9999996,0.0,0.9999996,fluctuating
426,2130.0,2140.0,0.99999976,0.0,0.99999976,fluctuating
427,2135.0,2145.0,0.9999999,0.0,0.9999999,fluctuating
428,2140.0,2150.0,0.9999999,0.0,0.9999999,fluctuating
429,2145.0,2155.0,0.9999999,0.0,0.9999999,fluctuating
430,2150.0,2160.0,1.0,0.0,1.0,fluctuating
431,2155.0,2165.0,0.9999999,0.0,0.9999999,fluctuating
432,2160.0,2170.0,1.0,0.0,1.0,fluctuating
433,2165.0,2175.0,1.0,0.0,1.0,fluctuating
434,2170.0,2180.0,0.9999999,0.0,0.9999999,fluctuating
435,2175.0,2185.0,0.9999994,0.0,0.9999994,fluctuating
436,2180.0,2190.0,0.9999998,0.0,0.9999998,fluctuating
437,2185.0,2195.0,0.9999998,0.0,0.9999998,fluctuating
438,2190.0,2200.0,0.9999999,0.0,0.9999999,fluctuating
439,2195.0,2205.0,1.0,0.0,1.0,fluctuating
440,2200.0,2210.0,0.9999999,0.0,0.9999999,fluctuating
441,2205.0,2215.0,0.9999998,0.0,0.9999998,fluctuating
442,2210.0,2220.0,0.99999833,8.940697e-08,0.99999833,fluctuating
443,2215.0,2225.0,0.9999982,5.9604645e-08,0.9999982,fluctuating
444,2220.0,2230.0,0.99999994,0.0,0.99999994,fluctuating
445,2225.0,2235.0,0.9999999,0.0,0.9999999,fluctuating
446,2230.0,2240.0,0.9999999,0.0,0.9999999,fluctuating
447,2235.0,2245.0,0.99999964,0.0,0.99999964,fluctuating
448,2240.0,2250.0,0.9999997,0.0,0.9999997,fluctuating
449,2245.0,2255.0,0.9999995,0.0,0.9999995,fluctuating
450,2250.0,2260.0,0.9999982,0.0,0.9999982,fluctuating
451,2255.0,2265.0,0.99999964,0.0,0.99999964,fluctuating
452,2260.0,2270.0,0.99999964,0.0,0.99999964,fluctuating
453,2265.0,2275.0,0.99999946,2.9802322e-08,0.99999946,fluctuating
454,2270.0,2280.0,0.99999833,8.940697e-08,0.99999833,fluctuating
455,2275.0,2285.0,0.99999946,2.9802322e-08,0.99999946,fluctuating
456,2280.0,2290.0,0.9999999,0.0,0.9999999,fluctuating
457,2285.0,2295.0,0.99999994,0.0,0.99999994,fluctuating
458,2290.0,2300.0,0.99999964,0.0,0.99999964,fluctuating
459,2295.0,2305.0,0.99999905,2.9802322e-08,0.99999905,fluctuating
460,2300.0,2310.0,0.99999726,2.3841858e-07,0.99999726,fluctuating
461,2305.0,2315.0,0.9999999,0.0,0.9999999,fluctuating
462,2310.0,2320.0,0.99999946,2.9802322e-08,0.99999946,fluctuating
463,2315.0,2325.0,0.9999995,2.9802322e-08,0.9999995,fluctuating
464,2320.0,2330.0,0.999995,2.0861626e-07,0.999995,fluctuating
465,2325.0,2335.0,0.9999863,6.2584877e-07,0.9999863,fluctuating
466,2330.0,2340.0,0.99999905,0.0,0.99999905,fluctuating
467,2335.0,2345.0,0.9999995,5.9604645e-08,0.9999995,fluctuating
468,2340.0,2350.0,0.99999976,0.0,0.99999976,fluctuating
469,2345.0,2355.0,0.99999964,0.0,0.99999964,fluctuating
470,2350.0,2360.0,0.9999996,0.0,0.9999996,fluctuating
471,2355.0,2365.0,0.99999994,0.0,0.99999994,fluctuating
472,2360.0,2370.0,0.9999998,0.0,0.9999998,fluctuating
473,2365.0,2375.0,0.99999976,0.0,0.99999976,fluctuating
474,2370.0,2380.0,0.99999976,0.0,0.99999976,fluctuating
475,2375.0,2385.0,0.9999997,0.0,0.9999997,fluctuating
476,2380.0,2390.0,0.99999946,5.9604645e-08,0.99999946,fluctuating
477,2385.0,2395.0,0.99999976,0.0,0.99999976,fluctuating
478,2390.0,2400.0,0.9999997,0.0,0.9999997,fluctuating
479,2395.0,2405.0,0.99999803,8.940697e-08,0.99999803,fluctuating
480,2400.0,2410.0,0.999997,1.1920929e-07,0.999997,fluctuating
481,2405.0,2415.0,0.99999905,0.0,0.99999905,fluctuating
482,2410.0,2420.0,0.9999997,0.0,0.9999997,fluctuating
483,2415.0,2425.0,0.9999987,5.9604645e-08,0.9999987,fluctuating
484,2420.0,2430.0,0.9999993,5.9604645e-08,0.9999993,fluctuating
485,2425.0,2435.0,0.9999997,0.0,0.9999997,fluctuating
486,2430.0,2440.0,0.9999977,1.4901161e-07,0.9999977,fluctuating
487,2435.0,2445.0,0.999997,1.4901161e-07,0.999997,fluctuating
488,2440.0,2450.0,0.9999987,2.9802322e-08,0.9999987,fluctuating
489,2445.0,2455.0,0.9999926,8.34465e-07,0.9999926,fluctuating
490,2450.0,2460.0,0.9999996,2.9802322e-08,0.9999996,fluctuating
491,2455.0,2465.0,0.99999845,5.9604645e-08,0.99999845,fluctuating
492,2460.0,2470.0,0.9999987,1.4901161e-07,0.9999987,fluctuating
493,2465.0,2475.0,0.9999993,1.1920929e-07,0.9999993,fluctuating
494,2470.0,2480.0,0.99999875,5.9604645e-08,0.99999875,fluctuating
495,2475.0,2485.0,0.99999875,1.4901161e-07,0.99999875,fluctuating
496,2480.0,2490.0,0.9999984,1.4901161e-07,0.9999984,fluctuating
497,2485.0,2495.0,0.999997,2.0861626e-07,0.999997,fluctuating
498,2490.0,2500.0,0.9999971,5.9604645e-08,0.9999971,fluctuating
499,2495.0,2505.0,0.9998772,1.5795231e-06,0.9998772,fluctuating
500,2500.0,2510.0,0.9999926,2.9802322e-07,0.9999926,fluctuating
501,2505.0,2515.0,0.9999998,0.0,0.9999998,fluctuating
502,2510.0,2520.0,0.9999999,0.0,0.9999999,fluctuating
503,2515.0,2525.0,0.99999964,2.9802322e-08,0.99999964,fluctuating
504,2520.0,2530.0,0.99999666,2.0861626e-07,0.99999666,fluctuating
505,2525.0,2535.0,0.9999989,5.9604645e-08,0.9999989,fluctuating
506,2530.0,2540.0,0.9999999,0.0,0.9999999,fluctuating
507,2535.0,2545.0,0.99999964,2.9802322e-08,0.99999964,fluctuating
508,2540.0,2550.0,0.99999845,5.9604645e-08,0.99999845,fluctuating
509,2545.0,2555.0,0.99999636,2.0861626e-07,0.99999636,fluctuating
510,2550.0,2560.0,0.9999949,4.172325e-07,0.9999949,fluctuating
511,2555.0,2565.0,0.99999505,2.9802322e-07,0.99999505,fluctuating
512,2560.0,2570.0,0.99999785,1.7881393e-07,0.99999785,fluctuating
513,2565.0,2575.0,0.99999917,5.9604645e-08,0.99999917,fluctuating
514,2570.0,2580.0,0.9999987,5.9604645e-08,0.9999987,fluctuating
515,2575.0,2585.0,0.9999983,1.1920929e-07,0.9999983,fluctuating
516,2580.0,2590.0,0.99999654,3.874302e-07,0.99999654,fluctuating
517,2585.0,2595.0,0.9999864,1.013279e-06,0.9999864,fluctuating
518,2590.0,2600.0,0.9999966,4.172325e-07,0.9999966,fluctuating
519,2595.0,2605.0,0.99999964,0.0,0.99999964,fluctuating
520,2600.0,2610.0,0.9999992,8.940697e-08,0.9999992,fluctuating
521,2605.0,2615.0,0.99999636,7.748604e-07,0.99999636,fluctuating
522,2610.0,2620.0,0.9999984,5.9604645e-08,0.9999984,fluctuating
523,2615.0,2625.0,0.999995,5.066395e-07,0.999995,fluctuating
524,2620.0,2630.0,0.9999989,1.1920929e-07,0.9999989,fluctuating
525,2625.0,2635.0,0.999999,5.9604645e-08,0.999999,fluctuating
526,2630.0,2640.0,0.9999957,2.3841858e-07,0.9999957,fluctuating
527,2635.0,2645.0,0.99998593,1.1622906e-06,0.99998593,fluctuating
528,2640.0,2650.0,0.99999523,4.4703484e-07,0.99999523,fluctuating
529,2645.0,2655.0,0.9999993,5.9604645e-08,0.9999993,fluctuating
530,2650.0,2660.0,0.9999993,2.9802322e-08,0.9999993,fluctuating
531,2655.0,2665.0,0.9999974,1.4901161e-07,0.9999974,fluctuating
532,2660.0,2670.0,0.999998,5.9604645e-08,0.999998,fluctuating
533,2665.0,2675.0,0.9999963,2.0861626e-07,0.9999963,fluctuating
534,2670.0,2680.0,0.9999814,1.7881393e-06,0.9999814,fluctuating
535,2675.0,2685.0,0.9999417,5.096197e-06,0.9999417,fluctuating
536,2680.0,2690.0,0.9999525,2.9206276e-06,0.9999525,fluctuating
537,2685.0,2695.0,0.9999905,5.066395e-07,0.9999905,fluctuating
538,2690.0,2700.0,0.99999243,9.23872e-07,0.99999243,fluctuating
539,2695.0,2705.0,0.99998605,1.4007092e-06,0.99998605,fluctuating
540,2700.0,2710.0,0.9999933,5.364418e-07,0.9999933,fluctuating
541,2705.0,2715.0,0.9999926,8.6426735e-07,0.9999926,fluctuating
542,2710.0,2720.0,0.9999928,8.34465e-07,0.9999928,fluctuating
543,2715.0,2725.0,0.9999839,1.937151e-06,0.9999839,fluctuating
544,2720.0,2730.0,0.9998677,1.9162893e-05,0.9998677,fluctuating
545,2725.0,2735.0,0.9999175,1.2129545e-05,0.9999175,fluctuating
546,2730.0,2740.0,0.99995685,6.2286854e-06,0.99995685,fluctuating
547,2735.0,2745.0,0.9999635,4.2021275e-06,0.9999635,fluctuating
548,2740.0,2750.0,0.9999908,1.3411045e-06,0.9999908,fluctuating
549,2745.0,2755.0,0.9999908,9.23872e-07,0.9999908,fluctuating
550,2750.0,2760.0,0.9999938,6.854534e-07,0.9999938,fluctuating
551,2755.0,2765.0,0.99999595,4.4703484e-07,0.99999595,fluctuating
552,2760.0,2770.0,0.999974,2.4437904e-06,0.999974,fluctuating
553,2765.0,2775.0,0.9999871,1.1026859e-06,0.9999871,fluctuating
554,2770.0,2780.0,0.99999154,8.046627e-07,0.99999154,fluctuating
555,2775.0,2785.0,0.9999977,2.3841858e-07,0.9999977,fluctuating
556,2780.0,2790.0,0.9999976,2.682209e-07,0.9999976,fluctuating
557,2785.0,2795.0,0.99999547,5.662441e-07,0.99999547,fluctuating
558,2790.0,2800.0,0.9999957,4.7683716e-07,0.9999957,fluctuating
559,2795.0,2805.0,0.99999034,1.3113022e-06,0.99999034,fluctuating
560,2800.0,2810.0,0.9999862,2.2053719e-06,0.9999862,fluctuating
561,2805.0,2815.0,0.99998915,1.3709068e-06,0.99998915,fluctuating
562,2810.0,2820.0,0.99999577,3.2782555e-07,0.99999577,fluctuating
563,2815.0,2825.0,0.9999913,9.23872e-07,0.9999913,fluctuating
564,2820.0,2830.0,0.99996585,5.632639e-06,0.99996585,fluctuating
565,2825.0,2835.0,0.99998844,2.115965e-06,0.99998844,fluctuating
566,2830.0,2840.0,0.9999912,7.1525574e-07,0.9999912,fluctuating
567,2835.0,2845.0,0.99999106,6.854534e-07,0.99999106,fluctuating
568,2840.0,2850.0,0.9999946,4.4703484e-07,0.9999946,fluctuating
569,2845.0,2855.0,0.99999684,2.3841858e-07,0.99999684,fluctuating
570,2850.0,2860.0,0.9999985,2.0861626e-07,0.9999985,fluctuating
571,2855.0,2865.0,0.9999951,4.7683716e-07,0.9999951,fluctuating
572,2860.0,2870.0,0.99992776,1.2636185e-05,0.99992776,fluctuating
573,2865.0,2875.0,0.99999607,1.7881393e-07,0.99999607,fluctuating
574,2870.0,2880.0,0.9999996,0.0,0.9999996,fluctuating
575,2875.0,2885.0,0.99999917,5.9604645e-08,0.99999917,fluctuating
576,2880.0,2890.0,0.9999986,1.1920929e-07,0.9999986,fluctuating
577,2885.0,2895.0,0.99991703,4.0233135e-06,0.99991703,fluctuating
578,2890.0,2900.0,0.99926496,8.910894e-06,0.99926496,fluctuating
579,2895.0,2905.0,0.9999547,1.4305115e-06,0.9999547,fluctuating
580,2900.0,2910.0,0.99998105,1.937151e-06,0.99998105,fluctuating
581,2905.0,2915.0,0.9999971,4.172325e-07,0.9999971,fluctuating
582,2910.0,2920.0,0.99999714,3.5762787e-07,0.99999714,fluctuating
583,2915.0,2925.0,0.9999973,2.3841858e-07,0.9999973,fluctuating
584,2920.0,2930.0,0.9999889,1.1920929e-07,0.9999889,fluctuating
585,2925.0,2935.0,0.9999851,1.1920929e-07,0.9999851,fluctuating
586,2930.0,2940.0,0.9999945,3.2782555e-07,0.9999945,fluctuating
587,2935.0,2945.0,0.99999505,2.682209e-07,0.99999505,fluctuating
588,2940.0,2950.0,0.999998,1.1920929e-07,0.999998,fluctuating
589,2945.0,2955.0,0.99999857,1.7881393e-07,0.99999857,fluctuating
590,2950.0,2960.0,0.99999875,1.7881393e-07,0.99999875,fluctuating
591,2955.0,2965.0,0.99999917,5.9604645e-08,0.99999917,fluctuating
592,2960.0,2970.0,0.9999931,1.0430813e-06,0.9999931,fluctuating
593,2965.0,2975.0,0.9999839,1.9073486e-06,0.9999839,fluctuating
594,2970.0,2980.0,0.99998605,1.2814999e-06,0.99998605,fluctuating
595,2975.0,2985.0,0.999995,2.9802322e-07,0.999995,fluctuating
596,2980.0,2990.0,0.9999844,9.834766e-07,0.9999844,fluctuating
597,2985.0,2995.0,0.999987,1.0430813e-06,0.999987,fluctuating
598,2990.0,3000.0,0.9999976,1.7881393e-07,0.9999976,fluctuating
599,2995.0,3005.0,0.9999957,4.172325e-07,0.9999957,fluctuating
600,3000.0,3010.0,0.9999855,9.23872e-07,0.9999855,fluctuating
601,3005.0,3015.0,0.99998534,1.2516975e-06,0.99998534,fluctuating
602,3010.0,3020.0,0.9999795,2.2053719e-06,0.9999795,fluctuating
603,3015.0,3025.0,0.9999893,1.3411045e-06,0.9999893,fluctuating
604,3020.0,3030.0,0.9999752,1.4603138e-06,0.9999752,fluctuating
605,3025.0,3035.0,0.9999406,2.8312206e-06,0.9999406,fluctuating
606,3030.0,3040.0,0.999998,2.0861626e-07,0.999998,fluctuating
607,3035.0,3045.0,0.999995,7.748604e-07,0.999995,fluctuating
608,3040.0,3050.0,0.9999603,3.0100346e-06,0.9999603,fluctuating
609,3045.0,3055.0,0.9999864,1.013279e-06,0.9999864,fluctuating
610,3050.0,3060.0,0.99999756,2.682209e-07,0.99999756,fluctuating
611,3055.0,3065.0,0.9999968,2.3841858e-07,0.9999968,fluctuating
612,3060.0,3070.0,0.99999523,2.9802322e-07,0.99999523,fluctuating
613,3065.0,3075.0,0.9999887,8.6426735e-07,0.9999887,fluctuating
614,3070.0,3080.0,0.9999663,4.1127205e-06,0.9999663,fluctuating
615,3075.0,3085.0,0.9999769,1.5199184e-06,0.9999769,fluctuating
616,3080.0,3090.0,0.9999969,2.3841858e-07,0.9999969,fluctuating
617,3085.0,3095.0,0.99999595,1.7881393e-07,0.99999595,fluctuating
618,3090.0,3100.0,0.999938,4.082918e-06,0.999938,fluctuating
619,3095.0,3105.0,0.99999106,6.854534e-07,0.99999106,fluctuating
620,3100.0,3110.0,0.9999981,2.9802322e-07,0.9999981,fluctuating
621,3105.0,3115.0,0.9999952,7.4505806e-07,0.9999952,fluctuating
622,3110.0,3120.0,0.9999927,1.1026859e-06,0.9999927,fluctuating
623,3115.0,3125.0,0.9999917,1.2516975e-06,0.9999917,fluctuating
624,3120.0,3130.0,0.9999907,1.013279e-06,0.9999907,fluctuating
625,3125.0,3135.0,0.99998736,1.013279e-06,0.99998736,fluctuating
626,3130.0,3140.0,0.99995804,3.4570694e-06,0.99995804,fluctuating
627,3135.0,3145.0,0.99972063,3.4570694e-06,0.99972063,fluctuating
628,3140.0,3150.0,0.9991597,3.516674e-06,0.9991597,fluctuating
629,3145.0,3155.0,0.9998255,1.758337e-06,0.9998255,fluctuating
630,3150.0,3160.0,0.9999707,1.2218952e-06,0.9999707,fluctuating
631,3155.0,3165.0,0.9999955,5.066395e-07,0.9999955,fluctuating
632,3160.0,3170.0,0.99998856,1.1622906e-06,0.99998856,fluctuating
633,3165.0,3175.0,0.99999195,1.1324883e-06,0.99999195,fluctuating
634,3170.0,3180.0,0.9999975,2.682209e-07,0.9999975,fluctuating
635,3175.0,3185.0,0.999992,9.23872e-07,0.999992,fluctuating
636,3180.0,3190.0,0.99998957,9.23872e-07,0.99998957,fluctuating
637,3185.0,3195.0,0.9999807,1.8775463e-06,0.9999807,fluctuating
638,3190.0,3200.0,0.9999799,2.4735928e-06,0.9999799,fluctuating
639,3195.0,3205.0,0.99998915,1.5795231e-06,0.99998915,fluctuating
640,3200.0,3210.0,0.9999643,1.8179417e-06,0.9999643,fluctuating
641,3205.0,3215.0,0.9999818,9.834766e-07,0.9999818,fluctuating
642,3210.0,3220.0,0.99997115,2.771616e-06,0.99997115,fluctuating
643,3215.0,3225.0,0.9999908,8.6426735e-07,0.9999908,fluctuating
644,3220.0,3230.0,0.9999978,3.2782555e-07,0.9999978,fluctuating
645,3225.0,3235.0,0.9999963,3.5762787e-07,0.9999963,fluctuating
646,3230.0,3240.0,0.99997914,1.0728836e-06,0.99997914,fluctuating
647,3235.0,3245.0,0.9999541,1.5795231e-06,0.9999541,fluctuating
648,3240.0,3250.0,0.99991673,1.579523e-05,0.99991673,fluctuating
649,3245.0,3255.0,0.99992806,1.3232231e-05,0.99992806,fluctuating
650,3250.0,3260.0,0.999962,4.9471855e-06,0.999962,fluctuating
651,3255.0,3265.0,0.99997336,4.0233135e-06,0.99997336,fluctuating
652,3260.0,3270.0,0.9999819,2.3543835e-06,0.9999819,fluctuating
653,3265.0,3275.0,0.9999869,2.771616e-06,0.9999869,fluctuating
654,3270.0,3280.0,0.9999834,2.7120113e-06,0.9999834,fluctuating
655,3275.0,3285.0,0.99998426,1.9967556e-06,0.99998426,fluctuating
656,3280.0,3290.0,0.99999404,7.748604e-07,0.99999404,fluctuating
657,3285.0,3295.0,0.9999707,4.5001507e-06,0.9999707,fluctuating
658,3290.0,3300.0,0.99993914,1.0609627e-05,0.99993914,fluctuating
659,3295.0,3305.0,0.9999495,7.212162e-06,0.9999495,fluctuating
660,3300.0,3310.0,0.9999689,4.3809414e-06,0.9999689,fluctuating
661,3305.0,3315.0,0.9999798,2.5331974e-06,0.9999798,fluctuating
662,3310.0,3320.0,0.99992543,5.3942204e-06,0.99992543,fluctuating
663,3315.0,3325.0,0.99989116,8.314848e-06,0.99989116,fluctuating
664,3320.0,3330.0,0.9999228,7.8082085e-06,0.9999228,fluctuating
665,3325.0,3335.0,0.99998105,2.8908253e-06,0.99998105,fluctuating
666,3330.0,3340.0,0.99973,3.0964613e-05,0.99973,fluctuating
667,3335.0,3345.0,0.99987084,1.8209219e-05,0.99987084,fluctuating
668,3340.0,3350.0,0.9998777,2.0444393e-05,0.9998777,fluctuating
669,3345.0,3355.0,0.99965924,9.012222e-05,0.99965924,fluctuating
670,3350.0,3360.0,0.9999231,2.8669834e-05,0.9999231,fluctuating
671,3355.0,3365.0,0.99986064,3.966689e-05,0.99986064,fluctuating
672,3360.0,3370.0,0.9998269,5.0336123e-05,0.9998269,fluctuating
673,3365.0,3375.0,0.9999347,1.3500452e-05,0.9999347,fluctuating
674,3370.0,3380.0,0.9896045,0.00018531084,0.9896045,fluctuating
675,3375.0,3385.0,0.9947977,0.00042006373,0.99479777,fluctuating
676,3380.0,3390.0,0.99995685,1.2040138e-05,0.99995685,fluctuating
677,3385.0,3395.0,0.9999458,1.1742115e-05,0.9999458,fluctuating
678,3390.0,3400.0,0.99979603,6.16312e-05,0.99979603,fluctuating
679,3395.0,3405.0,0.9988691,0.00046247244,0.99886924,fluctuating
680,3400.0,3410.0,0.9981177,0.0006632209,0.99811786,fluctuating
681,3405.0,3415.0,0.9989915,0.00021559,0.9989915,fluctuating
682,3410.0,3420.0,0.9986098,0.00044831634,0.99860984,fluctuating
683,3415.0,3425.0,0.9970963,0.001057148,0.99709684,fluctuating
684,3420.0,3430.0,0.9998067,8.85427e-05,0.9998067,fluctuating
685,3425.0,3435.0,0.9996673,2.2530556e-05,0.9996673,fluctuating
686,3430.0,3440.0,0.9992547,3.555417e-05,0.9992547,fluctuating
687,3435.0,3445.0,0.9996308,0.00011137128,0.9996308,fluctuating
688,3440.0,3450.0,0.99932826,0.0002207458,0.9993283,fluctuating
689,3445.0,3455.0,0.9988197,0.00022551417,0.9988197,fluctuating
690,3450.0,3460.0,0.9989431,8.505583e-05,0.9989431,fluctuating
691,3455.0,3465.0,0.99940467,0.0001013577,0.99940467,fluctuating
692,3460.0,3470.0,0.999655,7.581711e-05,0.999655,fluctuating
693,3465.0,3475.0,0.9976989,0.00039228797,0.997699,fluctuating
694,3470.0,3480.0,0.9993287,0.00016966462,0.9993287,fluctuating
695,3475.0,3485.0,0.9994484,0.00025731325,0.9994484,fluctuating
696,3480.0,3490.0,0.99949825,0.00017920136,0.99949825,fluctuating
697,3485.0,3495.0,0.9994083,0.0001707077,0.9994083,fluctuating
698,3490.0,3500.0,0.9990334,0.00040751696,0.9990335,fluctuating
699,3495.0,3505.0,0.9987462,0.0003824532,0.9987463,fluctuating
700,3500.0,3510.0,0.99919444,0.00029301643,0.9991945,fluctuating
701,3505.0,3515.0,0.9997823,7.650256e-05,0.9997823,fluctuating
702,3510.0,3520.0,0.9996922,0.000110805035,0.9996922,fluctuating
703,3515.0,3525.0,0.99952805,0.00012499094,0.99952805,fluctuating
704,3520.0,3530.0,0.9993254,0.00019100308,0.99932545,fluctuating
705,3525.0,3535.0,0.99632144,0.0013961792,0.99632245,fluctuating
706,3530.0,3540.0,0.9972752,0.0013949573,0.9972762,fluctuating
707,3535.0,3545.0,0.99984086,3.6031008e-05,0.99984086,fluctuating
708,3540.0,3550.0,0.99749744,0.00012513995,0.99749744,fluctuating
709,3545.0,3555.0,0.99895275,0.00027695298,0.99895275,fluctuating
710,3550.0,3560.0,0.99960494,1.2308359e-05,0.99960494,fluctuating
711,3555.0,3565.0,0.99989533,6.556511e-06,0.99989533,fluctuating
712,3560.0,3570.0,0.99975,3.2365322e-05,0.99975,fluctuating
713,3565.0,3575.0,0.9997682,6.41346e-05,0.9997682,fluctuating
714,3570.0,3580.0,0.99949,0.00021255016,0.99949,fluctuating
715,3575.0,3585.0,0.9992686,0.00015559793,0.9992686,fluctuating
716,3580.0,3590.0,0.99959064,0.00010859966,0.99959064,fluctuating
717,3585.0,3595.0,0.9993942,0.0001668036,0.9993942,fluctuating
718,3590.0,3600.0,0.99969643,9.4771385e-06,0.99969643,fluctuating
719,3595.0,3605.0,0.99929595,6.2286854e-06,0.99929595,fluctuating
720,3600.0,3610.0,0.99989873,5.751848e-06,0.99989873,fluctuating
721,3605.0,3615.0,0.9980238,0.0008816719,0.9980242,fluctuating
722,3610.0,3620.0,0.99815845,0.00050252676,0.9981586,fluctuating
723,3615.0,3625.0,0.98217916,0.008557349,0.9822165,fluctuating
724,3620.0,3630.0,0.99930716,2.899766e-05,0.99930716,fluctuating
725,3625.0,3635.0,0.9982418,3.2931566e-05,0.9982418,fluctuating
726,3630.0,3640.0,0.9991019,0.0003130734,0.99910194,fluctuating
727,3635.0,3645.0,0.9989692,0.00044751167,0.9989693,fluctuating
728,3640.0,3650.0,0.99778694,0.0008199811,0.99778724,fluctuating
729,3645.0,3655.0,0.9993193,0.00018158555,0.9993194,fluctuating
730,3650.0,3660.0,0.99834216,0.00083884597,0.9983425,fluctuating
731,3655.0,3665.0,0.9729049,0.019988924,0.97311026,fluctuating
732,3660.0,3670.0,0.9930091,0.0016369224,0.99301046,fluctuating
733,3665.0,3675.0,0.9980656,0.00067669153,0.9980658,fluctuating
734,3670.0,3680.0,0.99486375,0.0025856197,0.9948671,fluctuating
735,3675.0,3685.0,0.9969505,0.0009624958,0.996951,fluctuating
736,3680.0,3690.0,0.99905944,0.00024995208,0.9990595,fluctuating
737,3685.0,3695.0,0.9973953,0.0010586083,0.9973959,fluctuating
738,3690.0,3700.0,0.9982629,0.00047507882,0.998263,fluctuating
739,3695.0,3705.0,0.99370486,0.0015895665,0.9937061,fluctuating
740,3700.0,3710.0,0.9936024,0.0017397702,0.99360394,fluctuating
