window_id,start_time,end_time,s1_prob_normal,s1_prob_yellow,s1_prob_red,s2_prob_normal,s2_prob_yellow,s2_prob_red
0,0.0,10.0,0.9999999,8.05304e-08,3.42757e-26,2.5407143e-08,7.60269e-10,1.0
1,5.0,15.0,0.99999964,3.6724163e-07,1.2384048e-24,1.4577027e-07,2.6777588e-10,0.9999999
2,10.0,20.0,0.9999999,1.7484227e-07,2.0005676e-24,1.561803e-07,5.9747225e-09,0.9999999
3,15.0,25.0,0.99996006,3.9934992e-05,1.29321215e-20,6.3474135e-06,3.691348e-11,0.9999937
4,20.0,30.0,0.99994147,5.8577185e-05,6.379373e-19,2.0260308e-05,4.0320605e-09,0.99997973
5,25.0,35.0,0.99999976,2.550737e-07,1.5326658e-24,2.0045732e-07,1.6389967e-06,0.9999982
6,30.0,40.0,0.99999976,2.1652345e-07,4.7622167e-25,1.3056648e-07,1.6037413e-08,0.9999999
7,35.0,45.0,0.9999969,3.1147713e-06,1.8105072e-20,5.400663e-06,8.246734e-07,0.9999938
8,40.0,50.0,0.99999976,2.9558834e-07,1.1638589e-22,6.750156e-07,2.8022519e-06,0.99999654
9,45.0,55.0,0.9999999,8.520693e-08,5.1056036e-26,5.625779e-08,3.0890643e-08,0.9999999
10,50.0,60.0,0.9999993,7.690099e-07,7.060124e-24,4.1051047e-07,9.2826955e-09,0.9999995
11,55.0,65.0,1.0,4.4819826e-10,2.666513e-27,7.2387074e-09,0.002332923,0.9976671
12,60.0,70.0,0.9999995,4.6883645e-07,1.22378e-25,8.740042e-08,2.6549193e-10,0.9999999
13,65.0,75.0,0.9999994,6.1238427e-07,5.405361e-25,1.3980579e-07,8.794921e-09,0.9999999
14,70.0,80.0,0.99999726,2.7134251e-06,2.6066585e-24,3.2818267e-07,1.05720044e-10,0.99999964
15,75.0,85.0,0.99999976,2.7889212e-07,3.994097e-25,1.1999063e-07,1.202981e-08,0.9999999
16,80.0,90.0,1.0,4.8498915e-08,1.6034271e-26,2.9563955e-08,7.823962e-09,1.0
17,85.0,95.0,0.9999999,8.277857e-08,8.689427e-27,4.115547e-08,3.4567751e-10,1.0
18,90.0,100.0,0.99999917,8.4716544e-07,1.185503e-26,8.862435e-08,4.9661376e-14,0.9999999
19,95.0,105.0,0.9999958,4.167654e-06,2.09191e-25,2.7282783e-07,2.4592898e-13,0.99999976
20,100.0,110.0,0.9999951,4.8656148e-06,8.271701e-25,5.1272866e-07,5.725079e-13,0.9999995
21,105.0,115.0,0.9999932,6.765017e-06,1.4099686e-23,1.1496157e-06,3.0177808e-11,0.9999988
22,110.0,120.0,1.0,3.4214147e-09,7.1559945e-27,2.0567706e-08,4.5393726e-06,0.99999547
23,115.0,125.0,0.99999976,2.3551796e-07,4.979749e-25,1.7262968e-07,1.3335456e-08,0.99999976
24,120.0,130.0,1.0,2.576898e-08,2.500587e-25,1.07390775e-07,4.189547e-06,0.9999957
25,125.0,135.0,0.99999976,2.7930548e-07,4.203672e-23,9.743504e-07,2.371208e-07,0.9999988
26,130.0,140.0,0.9999993,6.7691525e-07,4.20301e-24,5.131249e-07,6.912693e-10,0.9999995
27,135.0,145.0,0.9999999,8.750651e-08,2.2299212e-25,8.164971e-08,1.1387113e-09,0.9999999
28,140.0,150.0,0.9999999,8.07097e-08,6.2754736e-26,5.007452e-08,1.5164584e-08,0.9999999
29,145.0,155.0,0.9999999,1.2848818e-07,2.8687967e-25,7.83805e-08,5.9575765e-08,0.9999999
30,150.0,160.0,0.9999995,4.7322473e-07,2.8825956e-25,1.7305037e-07,2.7321916e-11,0.9999999
31,155.0,165.0,0.9999999,1.3851833e-07,2.1387417e-26,6.143807e-08,2.0997124e-11,0.9999999
32,160.0,170.0,0.9999999,1.0127879e-07,2.3916732e-24,1.1028382e-07,6.945955e-08,0.99999976
33,165.0,175.0,1.0,1.1748788e-08,1.921035e-27,1.4219288e-08,3.2225498e-09,1.0
34,170.0,180.0,1.0,7.525849e-10,1.08235194e-29,1.4532818e-09,3.4624005e-08,1.0
35,175.0,185.0,0.99999964,4.0130365e-07,1.5145273e-23,2.5524693e-07,4.570742e-08,0.99999964
36,180.0,190.0,0.9999995,4.6417176e-07,2.6992552e-24,2.1824934e-07,2.2887237e-09,0.99999976
37,185.0,195.0,0.99999976,2.52765e-07,1.8260458e-24,1.6666137e-07,5.897517e-09,0.9999999
38,190.0,200.0,0.99999857,1.4490084e-06,6.880542e-24,3.7587236e-07,4.2555476e-10,0.99999964
39,195.0,205.0,1.0,5.163091e-10,4.746031e-29,3.6762953e-09,0.0003073499,0.9996927
40,200.0,210.0,0.9999993,7.0509054e-07,8.951056e-23,6.490443e-07,1.4513503e-06,0.99999785
41,205.0,215.0,0.999998,2.0304692e-06,2.6135532e-22,8.9113e-07,2.218255e-09,0.99999917
42,210.0,220.0,0.99999976,2.1909456e-07,1.1697513e-23,1.868709e-07,1.7799508e-07,0.99999964
43,215.0,225.0,0.9999999,1.4249105e-07,9.53089e-25,7.179108e-08,8.1323304e-07,0.99999917
44,220.0,230.0,0.99999964,3.0238937e-07,1.9014742e-26,5.761059e-08,1.1611794e-09,1.0
45,225.0,235.0,1.0,2.7175955e-09,2.61864e-28,4.1607127e-09,4.5815855e-06,0.99999547
46,230.0,240.0,0.99999976,1.9784599e-07,2.738742e-24,1.2519087e-07,1.2195477e-06,0.9999987
47,235.0,245.0,0.9999988,1.1530667e-06,1.1212998e-24,2.5712723e-07,1.0942145e-10,0.99999976
48,240.0,250.0,0.9999999,9.384282e-08,1.3054308e-22,2.8660656e-07,0.00076468266,0.99923503
49,245.0,255.0,0.99999976,2.7383558e-07,4.2238887e-25,1.1104857e-07,1.9238942e-09,0.9999999
50,250.0,260.0,0.9999999,1.5133126e-07,1.1452888e-25,6.144135e-08,3.817582e-10,0.9999999
51,255.0,265.0,1.0,2.64228e-10,1.9669071e-26,8.249561e-09,0.0059142862,0.99408567
52,260.0,270.0,1.0,1.1541549e-10,6.6436566e-28,2.337535e-09,0.0018087899,0.9981912
53,265.0,275.0,0.99999964,3.1165726e-07,1.6080851e-22,3.304882e-07,2.2366482e-06,0.9999974
54,270.0,280.0,0.9999995,5.2525326e-07,7.294398e-21,1.0445209e-06,5.8520338e-05,0.9999404
55,275.0,285.0,0.9999994,5.4931996e-07,1.5596926e-21,8.872537e-07,6.715285e-06,0.9999924
56,280.0,290.0,0.99999917,8.678229e-07,6.275386e-22,6.31495e-07,4.9436196e-08,0.9999993
57,285.0,295.0,0.9999974,2.6363182e-06,2.343747e-22,6.87212e-07,1.178502e-09,0.9999993
58,290.0,300.0,1.0,7.998613e-10,2.8509027e-27,4.037743e-09,6.1924998e-06,0.9999938
59,295.0,305.0,0.9999933,6.7224937e-06,3.010637e-21,1.6966521e-06,1.5826643e-09,0.99999833
60,300.0,310.0,0.9999926,7.3380456e-06,1.2751665e-22,7.1448926e-07,1.1408073e-11,0.9999993
61,305.0,315.0,0.9999982,1.8095006e-06,2.4220051e-23,3.6260815e-07,6.083348e-11,0.99999964
62,310.0,320.0,0.99999976,2.0162409e-07,4.5369333e-25,1.1768854e-07,2.010852e-08,0.9999999
63,315.0,325.0,0.9999962,3.763964e-06,4.764792e-20,3.3172869e-06,1.747235e-05,0.99997926
64,320.0,330.0,0.99999726,2.6858725e-06,4.509634e-21,1.7431557e-06,3.1578517e-07,0.999998
65,325.0,335.0,0.99999774,2.2054974e-06,4.2159183e-22,7.702562e-07,1.4813569e-08,0.99999917
66,330.0,340.0,0.9999987,1.3703037e-06,6.9196894e-22,6.8274505e-07,2.7600644e-08,0.9999993
67,335.0,345.0,0.99999857,1.4584691e-06,7.3358536e-22,5.857332e-07,5.1943854e-08,0.9999994
68,340.0,350.0,0.99998987,1.0182799e-05,3.7578646e-21,1.6138544e-06,5.026894e-10,0.99999833
69,345.0,355.0,0.99999845,1.4928378e-06,4.288265e-21,1.0215791e-06,2.9676858e-08,0.9999989
70,350.0,360.0,0.9999995,4.360952e-07,8.580384e-22,6.3541523e-07,3.7048703e-05,0.99996233
71,355.0,365.0,0.99999475,5.1867582e-06,2.3060945e-21,1.1876931e-06,4.4616795e-09,0.9999988
72,360.0,370.0,0.9999832,1.6749591e-05,7.668784e-21,2.3155378e-06,1.7326639e-10,0.99999774
73,365.0,375.0,0.99999833,1.713111e-06,4.0134044e-21,1.2347061e-06,6.0094717e-05,0.9999386
74,370.0,380.0,0.99999917,8.678519e-07,2.5988947e-20,1.3878389e-06,0.0005681247,0.9994305
75,375.0,385.0,0.9999982,1.8296347e-06,1.189855e-20,1.6725039e-06,1.4820736e-05,0.99998355
76,380.0,390.0,0.99999607,3.9344936e-06,1.691832e-19,3.9726638e-06,4.0407003e-06,0.999992
77,385.0,395.0,0.9999981,1.9120812e-06,1.1320422e-19,2.9723983e-06,5.4692755e-05,0.9999423
78,390.0,400.0,1.0,3.0118372e-08,5.733797e-26,2.856307e-08,1.5318227e-07,0.99999976
79,395.0,405.0,1.0,8.235899e-09,4.278559e-24,4.8105022e-08,0.004129359,0.99587053
80,400.0,410.0,0.9999939,6.099972e-06,1.1009472e-21,1.1948379e-06,1.400845e-10,0.9999988
81,405.0,415.0,0.99999845,1.5569165e-06,1.9365997e-21,8.1805103e-07,8.9978097e-10,0.99999917
82,410.0,420.0,0.9999993,7.7132796e-07,1.3077034e-21,6.432222e-07,1.1839622e-07,0.9999993
83,415.0,425.0,0.9999993,6.9639896e-07,4.6748887e-22,4.3752775e-07,2.1185504e-07,0.9999994
84,420.0,430.0,0.9999862,1.3853269e-05,8.9138405e-21,2.5015208e-06,3.34e-10,0.9999975
85,425.0,435.0,0.99998486,1.5116399e-05,6.1388014e-21,2.587826e-06,1.178589e-10,0.9999974
86,430.0,440.0,0.99999523,4.7136277e-06,1.7519574e-21,1.1815835e-06,2.0193813e-09,0.9999988
87,435.0,445.0,0.999997,2.9901378e-06,3.0723827e-21,8.549603e-07,1.304757e-08,0.99999917
88,440.0,450.0,0.99998486,1.5100982e-05,1.7837786e-18,9.048042e-06,3.848059e-06,0.9999871
89,445.0,455.0,0.9999933,6.696592e-06,1.0008304e-20,3.0884835e-06,1.0516281e-07,0.9999968
90,450.0,460.0,0.999997,3.0347355e-06,1.673901e-22,7.0103073e-07,6.61795e-10,0.9999993
91,455.0,465.0,0.9999957,4.23431e-06,2.8625922e-21,1.4143789e-06,2.8515936e-09,0.99999857
92,460.0,470.0,0.9999987,1.2703889e-06,1.789122e-22,5.600523e-07,2.0642695e-08,0.9999994
93,465.0,475.0,0.9999988,1.2218482e-06,5.340087e-23,5.2357376e-07,1.3312529e-08,0.9999994
94,470.0,480.0,0.9999629,3.710477e-05,5.00865e-20,5.952062e-06,7.866598e-11,0.99999404
95,475.0,485.0,0.99999595,4.0303944e-06,7.038517e-21,1.6160383e-06,7.0020083e-09,0.99999833
96,480.0,490.0,0.99999905,9.556409e-07,1.3481747e-21,5.5502414e-07,5.8324565e-07,0.9999988
97,485.0,495.0,0.9999969,3.144114e-06,8.137964e-21,1.5482509e-06,4.4635615e-07,0.999998
98,490.0,500.0,0.9999994,6.168759e-07,1.9576663e-21,8.389377e-07,3.4647512e-06,0.9999957
99,495.0,505.0,0.9999999,1.5435222e-07,3.1050878e-21,5.471581e-07,0.00018487805,0.99981457
100,500.0,510.0,0.99999976,2.8206713e-07,1.1312616e-21,4.2646462e-07,3.7314458e-06,0.9999958
101,505.0,515.0,0.99999857,1.4522927e-06,5.242698e-22,5.906064e-07,2.5010651e-08,0.9999994
102,510.0,520.0,0.99999857,1.3904207e-06,8.404764e-21,1.4428508e-06,1.4217526e-06,0.99999714
103,515.0,525.0,0.99996436,3.5604702e-05,9.728426e-18,2.1516866e-05,1.2982804e-06,0.99997723
104,520.0,530.0,0.9999964,3.6081271e-06,3.6213392e-20,2.3514485e-06,1.6940226e-06,0.99999595
105,525.0,535.0,0.9999999,1.7874717e-07,9.879008e-24,1.3083795e-07,4.9590913e-08,0.99999976
106,530.0,540.0,0.99999857,1.4470378e-06,2.8677016e-23,3.4788977e-07,1.0106351e-09,0.99999964
107,535.0,545.0,0.99999857,1.3761339e-06,2.1061978e-20,1.5579329e-06,1.0083479e-05,0.9999883
108,540.0,550.0,0.9999968,3.250459e-06,1.6080516e-20,2.0337598e-06,7.581713e-08,0.99999785
109,545.0,555.0,0.99999714,2.8837908e-06,1.6655908e-20,2.4509995e-06,1.122896e-07,0.9999974
110,550.0,560.0,0.9999975,2.5557435e-06,2.1590068e-20,2.5180238e-06,2.5892195e-05,0.9999716
111,555.0,565.0,1.0,1.4288888e-08,9.1614293e-26,3.0788417e-08,5.7186335e-05,0.9999428
112,560.0,570.0,0.9999994,5.405199e-07,1.1330536e-21,4.997443e-07,4.3722594e-08,0.9999994
113,565.0,575.0,0.99999595,4.0705017e-06,5.587098e-20,2.7535887e-06,1.5570185e-08,0.99999726
114,570.0,580.0,0.99946636,0.0005336817,1.4571614e-18,2.5609876e-05,3.8194784e-11,0.99997437
115,575.0,585.0,0.99995565,4.4343735e-05,2.8015536e-18,1.6158043e-05,1.8437636e-07,0.99998367
116,580.0,590.0,0.9999995,4.951385e-07,2.537179e-22,7.691383e-07,1.4197904e-05,0.999985
117,585.0,595.0,0.9999976,2.3588284e-06,7.614235e-22,1.4133027e-06,9.251617e-08,0.99999845
118,590.0,600.0,0.9999994,5.9224436e-07,6.1253373e-24,2.7362387e-07,1.983713e-08,0.99999976
119,595.0,605.0,0.9999938,6.1707638e-06,1.3129846e-21,1.5771569e-06,4.0278008e-09,0.99999845
120,600.0,610.0,0.999574,0.00042596253,6.978729e-18,4.3978867e-05,1.3557698e-10,0.999956
121,605.0,615.0,0.9998722,0.00012774188,6.9475436e-20,8.972999e-06,8.092987e-12,0.99999106
122,610.0,620.0,0.9999862,1.3797655e-05,1.6180511e-21,1.9686306e-06,3.5648363e-11,0.999998
123,615.0,625.0,1.0,8.292503e-09,5.596687e-24,7.313572e-08,0.0004296153,0.9995703
124,620.0,630.0,0.9998049,0.00019514201,1.232462e-16,5.8878366e-05,1.6713095e-07,0.999941
125,625.0,635.0,0.99997723,2.2754208e-05,9.046926e-19,8.724718e-06,1.11271284e-07,0.9999912
126,630.0,640.0,0.99998426,1.577206e-05,8.16284e-18,2.8031083e-05,3.722688e-07,0.9999716
127,635.0,645.0,0.9999989,1.111441e-06,4.712651e-21,2.85693e-06,3.201156e-05,0.9999651
128,640.0,650.0,0.9999862,1.3801485e-05,1.5742388e-21,2.433197e-06,2.0990056e-08,0.9999975
129,645.0,655.0,0.99999964,3.1961628e-07,1.5200887e-24,1.2290222e-07,3.3052068e-08,0.9999999
130,650.0,660.0,0.9999969,3.1126363e-06,2.7485017e-22,6.949387e-07,1.0039761e-08,0.9999993
131,655.0,665.0,0.9999888,1.126356e-05,5.9197524e-21,2.3910236e-06,5.967918e-10,0.9999976
132,660.0,670.0,0.99998856,1.1471229e-05,1.3009382e-20,3.3057606e-06,4.9628415e-08,0.99999666
133,665.0,675.0,0.9999951,4.918858e-06,9.526243e-22,1.2629188e-06,1.5167047e-09,0.9999987
134,670.0,680.0,0.9999988,1.1955024e-06,3.8479344e-23,4.0685856e-07,1.2686895e-09,0.99999964
135,675.0,685.0,0.99999106,8.967481e-06,1.3082115e-21,1.8952192e-06,4.5566986e-10,0.9999981
136,680.0,690.0,0.9999832,1.6791639e-05,1.2196294e-20,3.3792298e-06,2.35147e-10,0.99999666
137,685.0,695.0,1.0,1.3266783e-08,2.4859413e-24,5.4710043e-08,0.0005990792,0.99940085
138,690.0,700.0,0.99999917,8.203745e-07,8.486505e-21,7.191399e-07,1.4194954e-05,0.9999851
139,695.0,705.0,0.9999902,9.811701e-06,3.1944597e-20,4.1739863e-06,2.0821195e-08,0.9999958
140,700.0,710.0,0.9999999,1.5145066e-07,1.7026464e-24,1.0268707e-07,8.254789e-08,0.99999976
141,705.0,715.0,1.0,5.5116423e-09,9.265082e-24,8.277794e-08,0.02764678,0.9723531
142,710.0,720.0,0.99998295,1.6988824e-05,2.9188185e-18,1.151666e-05,3.3134384e-07,0.9999882
143,715.0,725.0,0.9999902,9.805929e-06,2.3583098e-17,1.9941666e-05,0.0005412047,0.9994388
144,720.0,730.0,0.9999975,2.4848914e-06,1.2013034e-17,1.1640203e-05,0.15810129,0.84188706
145,725.0,735.0,0.99998224,1.77363e-05,4.387301e-17,2.9855353e-05,8.2012775e-06,0.999962
146,730.0,740.0,0.999985,1.4967914e-05,4.1101145e-18,1.237023e-05,1.6998445e-07,0.9999875
147,735.0,745.0,0.9999993,6.778035e-07,3.8693002e-20,1.9367724e-06,1.9015748e-05,0.999979
148,740.0,750.0,0.9999995,4.4733272e-07,7.7708946e-20,2.0605714e-06,0.0007803919,0.9992175
149,745.0,755.0,0.99999356,6.3902207e-06,1.3592772e-18,5.7163743e-06,5.6084723e-06,0.9999887
150,750.0,760.0,0.9999993,6.686533e-07,3.4794835e-20,1.3015028e-06,1.44031155e-05,0.99998426
151,755.0,765.0,0.99999785,2.1256112e-06,6.8309876e-21,1.7372571e-06,5.3963726e-07,0.99999774
152,760.0,770.0,0.99999976,2.2550225e-07,4.1120194e-21,8.241819e-07,0.009963496,0.9900357
153,765.0,775.0,0.9999902,9.79391e-06,7.653737e-19,7.548626e-06,2.0510566e-05,0.999972
154,770.0,780.0,0.9999987,1.3186329e-06,1.613622e-20,1.4083298e-06,3.0140282e-06,0.9999956
155,775.0,785.0,0.9999932,6.8187715e-06,5.265145e-19,4.5165343e-06,4.7586043e-05,0.9999479
156,780.0,790.0,0.9998147,0.00018535189,9.1728256e-15,0.00012148802,2.5539988e-05,0.9998529
157,785.0,795.0,0.9994276,0.0005723002,2.607929e-12,0.0007900037,0.01406866,0.9851414
158,790.0,800.0,0.9999877,1.2298831e-05,4.3080013e-17,1.674176e-05,0.0008354336,0.9991478
159,795.0,805.0,0.999985,1.5057697e-05,2.2640279e-17,1.4068999e-05,4.42431e-06,0.9999815
160,800.0,810.0,0.9999933,6.7066712e-06,7.7813516e-19,5.5541186e-06,5.2198742e-05,0.9999423
161,805.0,815.0,0.99999857,1.4055981e-06,2.5488981e-20,1.1839403e-06,2.0403437e-05,0.9999784
162,810.0,820.0,0.9999995,5.2835253e-07,8.186839e-21,5.3904245e-07,4.5135515e-05,0.99995434
163,815.0,825.0,0.9999994,5.628097e-07,9.129121e-18,2.2573888e-06,0.0013140443,0.99868375
164,820.0,830.0,0.99999,1.0003719e-05,9.8906714e-17,1.0612185e-05,2.9697569e-05,0.9999597
165,825.0,835.0,0.99998856,1.144592e-05,1.3042496e-17,5.6917556e-06,3.337113e-06,0.99999094
166,830.0,840.0,0.9999958,4.1990597e-06,2.3348712e-16,2.1597676e-05,0.024702607,0.97527575
167,835.0,845.0,0.9999938,6.257147e-06,5.4889863e-14,0.004043986,0.00011550331,0.9958405
168,840.0,850.0,0.9995708,0.00042920865,8.1781196e-13,0.0006790742,1.7181485e-05,0.9993037
169,845.0,855.0,0.9999789,2.113817e-05,4.630117e-17,1.9598876e-05,1.3851419e-06,0.999979
170,850.0,860.0,0.9999982,1.7482906e-06,1.5360989e-17,4.540695e-06,0.01798895,0.9820065
171,855.0,865.0,0.9999999,8.3322064e-08,3.4676944e-19,5.007586e-07,0.5877129,0.41228658
172,860.0,870.0,0.99999845,1.5292993e-06,7.1503483e-16,1.2864456e-05,0.46720234,0.5327849
173,865.0,875.0,0.99991894,8.102216e-05,7.4624755e-14,0.000100351026,3.6483016e-05,0.99986315
174,870.0,880.0,0.9999975,2.5514769e-06,1.0576259e-17,2.2266731e-06,2.887905e-07,0.9999975
175,875.0,885.0,0.9999999,1.6270413e-07,4.315284e-20,6.549825e-07,0.023797998,0.9762014
176,880.0,890.0,0.99999607,3.876096e-06,4.618644e-16,1.619801e-05,0.01365838,0.98632544
177,885.0,895.0,0.9999964,3.6053307e-06,4.8746344e-16,1.5564128e-05,0.004220638,0.9957638
178,890.0,900.0,0.99998856,1.1407735e-05,8.0783147e-16,1.7631783e-05,0.016512506,0.9834698
179,895.0,905.0,0.9999994,6.524773e-07,7.1795074e-19,1.5518239e-06,0.017376209,0.98262227
180,900.0,910.0,0.99999833,1.6419632e-06,1.4405675e-17,3.916744e-06,0.0013076374,0.9986884
181,905.0,915.0,0.99999785,2.1959086e-06,2.8943705e-17,5.1604943e-06,0.00015371454,0.9998411
182,910.0,920.0,0.9999974,2.620109e-06,7.2860815e-17,5.1899715e-06,0.0012625688,0.99873227
183,915.0,925.0,0.9999989,1.1193175e-06,8.965834e-19,2.3610687e-06,0.016382517,0.9836151
184,920.0,930.0,0.9999875,1.2549345e-05,1.7741302e-14,4.237027e-05,0.17300808,0.8269496
185,925.0,935.0,0.99993753,6.251102e-05,1.9116085e-13,0.00029504558,0.00012054206,0.9995844
186,930.0,940.0,0.99991703,8.294426e-05,2.272257e-14,0.00010931696,5.3859515e-07,0.9998901
187,935.0,945.0,0.99987304,0.00012692678,5.8710544e-14,0.0001274659,1.0130207e-06,0.9998715
188,940.0,950.0,0.99993145,6.854878e-05,5.85946e-14,0.00010241443,0.00095041125,0.9989472
189,945.0,955.0,0.9999945,5.4521843e-06,8.291313e-18,4.6547457e-06,0.0053986553,0.9945967
190,950.0,960.0,0.99998796,1.2041324e-05,7.760685e-17,1.3695865e-05,0.0014224201,0.99856395
191,955.0,965.0,0.9999863,1.3701763e-05,1.1077451e-16,2.0612813e-05,0.00013307283,0.99984634
192,960.0,970.0,0.9999993,6.662479e-07,1.2447885e-17,4.547962e-06,0.17649838,0.82349706
193,965.0,975.0,0.99997795,2.206976e-05,1.3730685e-15,3.129587e-05,7.924612e-05,0.9998895
194,970.0,980.0,0.9999819,1.8148605e-05,3.3628618e-15,3.091747e-05,0.000426344,0.9995427
195,975.0,985.0,0.9999814,1.8606426e-05,6.779987e-15,4.5528206e-05,0.00086811517,0.9990864
196,980.0,990.0,0.9999919,8.107357e-06,3.8550494e-15,3.1388176e-05,0.07085141,0.9291172
197,985.0,995.0,0.99999714,2.8163379e-06,1.1306613e-17,3.224214e-06,0.00054611696,0.9994506
198,990.0,1000.0,0.9999993,6.614402e-07,6.1834574e-19,9.79872e-07,0.00010083922,0.9998982
199,995.0,1005.0,0.9999945,5.5294154e-06,4.8479587e-16,1.374284e-05,2.8792507e-05,0.99995744
200,1000.0,1010.0,0.99998283,1.7189966e-05,4.1961176e-16,1.6555352e-05,1.2659644e-06,0.99998224
201,1005.0,1015.0,0.99999964,3.7799322e-07,7.9649854e-20,1.181408e-06,0.18956679,0.8104321
202,1010.0,1020.0,0.999979,2.1033404e-05,1.5843234e-15,2.5574947e-05,0.007780142,0.9921943
203,1015.0,1025.0,0.9997303,0.0002697002,5.433351e-14,0.00011623859,1.22870515e-05,0.9998715
204,1020.0,1030.0,0.9999968,3.2480823e-06,3.3679155e-17,5.7514253e-06,0.00024687787,0.99974734
205,1025.0,1035.0,0.999998,2.0333487e-06,6.3281575e-18,3.257615e-06,1.3429073e-05,0.9999833
206,1030.0,1040.0,0.9999993,7.583224e-07,9.959928e-19,1.351612e-06,1.1003487e-05,0.9999876
207,1035.0,1045.0,0.9999962,3.869194e-06,2.5690048e-17,5.9002678e-06,0.00039728143,0.9995969
208,1040.0,1050.0,0.99999464,5.3629087e-06,7.366715e-18,5.5640025e-06,0.00031027079,0.9996842
209,1045.0,1055.0,0.99999905,9.1281856e-07,1.6057398e-18,2.0641287e-06,0.00034139815,0.99965656
210,1050.0,1060.0,0.9999975,2.4861097e-06,1.1505812e-16,7.643877e-06,7.930925e-07,0.99999154
211,1055.0,1065.0,0.99999523,4.757488e-06,6.833697e-16,1.1483933e-05,3.0789174e-06,0.99998546
212,1060.0,1070.0,0.9999957,4.3046593e-06,6.5209586e-17,7.583318e-06,0.0022209892,0.9977715
213,1065.0,1075.0,0.99998987,1.0178624e-05,7.641377e-16,3.2293563e-05,0.106659085,0.8933086
214,1070.0,1080.0,0.9999647,3.531982e-05,5.229177e-15,4.547943e-05,0.04969942,0.9502551
215,1075.0,1085.0,0.9999778,2.2207203e-05,4.8666474e-16,2.2377712e-05,2.3878893e-06,0.9999752
216,1080.0,1090.0,0.99999607,3.9814036e-06,2.2169724e-15,1.5912276e-05,0.60843456,0.3915496
217,1085.0,1095.0,0.9999989,1.08712e-06,9.242654e-17,1.3564357e-06,0.93700224,0.06299644
218,1090.0,1100.0,0.9999697,3.0286896e-05,3.1485873e-15,3.3997592e-05,9.0918526e-05,0.99987507
219,1095.0,1105.0,0.999892,0.00010800311,5.816591e-15,6.714714e-05,0.004100921,0.9958319
220,1100.0,1110.0,0.99822456,0.0017754837,5.3791568e-12,0.001062775,0.003510379,0.9954268
221,1105.0,1115.0,0.9999956,4.365098e-06,8.97249e-16,8.253826e-06,0.8448824,0.15510926
222,1110.0,1120.0,0.9999999,9.530754e-08,1.8533276e-20,3.0421947e-07,0.00048818375,0.9995115
223,1115.0,1125.0,0.9999988,1.2219775e-06,4.114799e-18,2.2543975e-06,0.00010210528,0.9998956
224,1120.0,1130.0,0.999995,4.993665e-06,3.0016445e-18,6.1731e-06,0.007467842,0.99252594
225,1125.0,1135.0,0.99998736,1.26432105e-05,1.5797003e-13,7.202751e-07,0.99589086,0.0041083614
226,1130.0,1140.0,0.9999969,3.0457645e-06,5.312382e-16,1.2568928e-05,0.17801702,0.8219704
227,1135.0,1145.0,0.99998546,1.4524365e-05,1.6286675e-17,6.295103e-06,7.282241e-05,0.99992085
228,1140.0,1150.0,0.99999964,3.7956457e-07,2.1059039e-19,1.3329834e-06,0.3424878,0.6575109
229,1145.0,1155.0,0.9999963,3.6366025e-06,9.080096e-16,1.3754499e-05,0.12286621,0.8771201
230,1150.0,1160.0,0.9999994,5.8696673e-07,1.4880506e-17,3.110371e-06,0.21234544,0.7876515
231,1155.0,1165.0,1.0,2.3679712e-08,5.2726954e-20,1.4736072e-09,0.99827504,0.0017249746
232,1160.0,1170.0,0.99997306,2.6912545e-05,3.3928682e-15,3.511044e-05,0.20603664,0.79392827
233,1165.0,1175.0,0.9999732,2.6788102e-05,3.9571736e-15,4.5009943e-05,0.037781116,0.9621739
234,1170.0,1180.0,0.99997854,2.1510965e-05,7.6466224e-17,1.4412364e-05,1.5488125e-05,0.9999701
235,1175.0,1185.0,0.99996364,3.636087e-05,2.491643e-16,3.1995063e-05,0.020053025,0.97991496
236,1180.0,1190.0,0.9999025,9.7450386e-05,4.0330329e-13,0.00016930359,0.001117505,0.99871325
237,1185.0,1195.0,0.9999093,9.073125e-05,9.082047e-15,6.3021864e-05,1.452705e-05,0.9999224
238,1190.0,1200.0,0.9999393,6.070788e-05,6.206272e-14,9.476626e-05,0.049801037,0.95010424
239,1195.0,1205.0,0.9999951,4.836529e-06,3.6282278e-16,1.1709373e-05,0.009207852,0.9907804
240,1200.0,1210.0,0.99999976,2.3709094e-07,8.3894395e-19,1.383971e-06,0.24509472,0.75490385
241,1205.0,1215.0,0.9999925,7.568135e-06,2.0344942e-15,1.9202524e-05,0.18282174,0.8171591
242,1210.0,1220.0,0.999984,1.5916647e-05,1.3268075e-14,3.5679972e-05,0.07820183,0.92176247
243,1215.0,1225.0,0.9999887,1.1373843e-05,8.6336004e-17,1.1606072e-05,0.015551124,0.98443735
244,1220.0,1230.0,0.9999809,1.9050653e-05,4.8303536e-17,1.4680503e-05,0.0033889057,0.9965964
245,1225.0,1235.0,0.9999982,1.8016281e-06,5.224422e-17,5.6568356e-06,0.14598778,0.8540065
246,1230.0,1240.0,0.99999845,1.6040971e-06,1.8304984e-18,1.2071293e-06,2.2653964e-07,0.99999857
247,1235.0,1245.0,0.99999654,3.4174361e-06,2.1245212e-18,1.8784729e-06,6.185193e-06,0.9999919
248,1240.0,1250.0,0.9999931,6.914298e-06,1.602562e-16,1.699694e-05,0.022027513,0.9779555
249,1245.0,1255.0,0.9991302,0.00086987874,2.9178266e-14,0.00015214221,8.8734836e-08,0.99984777
250,1250.0,1260.0,0.9998894,0.00011062605,3.9256453e-15,5.070042e-05,1.2518007e-06,0.999948
251,1255.0,1265.0,0.99803466,0.0019654022,9.286375e-13,0.0005986733,1.0445353e-06,0.99940026
252,1260.0,1270.0,0.9999386,6.1395505e-05,4.1689686e-16,2.9168083e-05,1.6320054e-06,0.99996924
253,1265.0,1275.0,0.99999976,2.1812448e-07,9.020624e-20,6.5914674e-07,0.276654,0.7233453
254,1270.0,1280.0,0.9999925,7.5188777e-06,5.6694856e-18,4.7280746e-06,2.690367e-05,0.9999684
255,1275.0,1285.0,0.99998915,1.0791901e-05,3.1487054e-17,8.193198e-06,9.7213015e-05,0.9998946
256,1280.0,1290.0,0.9999552,4.476462e-05,3.609022e-15,4.707757e-05,0.00016200528,0.99979097
257,1285.0,1295.0,0.9997435,0.0002564875,1.09501174e-13,0.0001703047,1.1038139e-05,0.99981874
258,1290.0,1300.0,0.9998166,0.00018339018,6.7291924e-16,3.250421e-05,2.3858705e-11,0.99996746
259,1295.0,1305.0,0.99984384,0.00015608828,2.0113132e-15,4.956934e-05,1.1176253e-07,0.9999503
260,1300.0,1310.0,0.9998048,0.00019527083,1.8107139e-14,9.7666474e-05,2.1657726e-07,0.9999021
261,1305.0,1315.0,0.9999894,1.0637396e-05,1.3264026e-17,7.827263e-06,1.1536272e-05,0.9999807
262,1310.0,1320.0,0.99999154,8.450751e-06,7.90403e-18,7.5570947e-06,0.001124472,0.998868
263,1315.0,1325.0,0.9999627,3.7310532e-05,1.3088628e-14,4.267176e-05,0.0023402786,0.99761707
264,1320.0,1330.0,0.9999883,1.1663534e-05,1.0760284e-14,3.8899507e-05,0.006373353,0.99358773
265,1325.0,1335.0,0.99997663,2.3314553e-05,3.4722093e-14,6.168912e-05,0.058887668,0.9410506
266,1330.0,1340.0,0.99998987,1.0074652e-05,1.4997014e-17,7.666725e-06,2.2443946e-06,0.9999901
267,1335.0,1345.0,0.99998295,1.7033664e-05,1.2222725e-16,1.4287876e-05,4.631579e-06,0.99998105
268,1340.0,1350.0,0.9999821,1.7902754e-05,1.1670924e-15,4.2724616e-05,0.0013960083,0.9985613
269,1345.0,1355.0,0.99996924,3.079339e-05,2.6146454e-14,5.7539073e-05,0.5514993,0.4484432
270,1350.0,1360.0,0.9999826,1.739095e-05,6.027999e-15,3.0680985e-05,0.004693949,0.9952754
271,1355.0,1365.0,0.9999939,6.1380606e-06,3.5350903e-15,1.7001808e-05,0.0008558689,0.9991271
272,1360.0,1370.0,0.9999783,2.175197e-05,1.4594076e-14,3.7338978e-05,0.02970201,0.9702607
273,1365.0,1375.0,0.99993193,6.8006026e-05,1.5080851e-13,9.315267e-05,0.004790863,0.995116
274,1370.0,1380.0,0.99984896,0.0001509842,1.936245e-12,0.00016079756,0.46599376,0.5338455
275,1375.0,1385.0,0.99999475,5.225679e-06,1.83548e-15,1.558886e-05,0.36093196,0.63905245
276,1380.0,1390.0,0.9999944,5.6165545e-06,7.653463e-15,1.7465041e-05,0.3279157,0.67206687
277,1385.0,1395.0,0.999959,4.100588e-05,1.7235628e-13,9.5667834e-05,0.038856708,0.96104765
278,1390.0,1400.0,0.9984824,0.0015176438,6.9740485e-14,0.00022879358,8.821085e-08,0.9997712
279,1395.0,1405.0,0.99988484,0.00011519749,7.0200862e-15,5.2772524e-05,1.6939219e-05,0.99993026
280,1400.0,1410.0,0.9999745,2.5567148e-05,8.547266e-16,1.8874302e-05,6.7777596e-06,0.99997437
281,1405.0,1415.0,0.9999776,2.2400034e-05,1.8084397e-16,1.6957534e-05,1.412504e-07,0.99998295
282,1410.0,1420.0,0.99999404,5.9784074e-06,4.87012e-18,5.106409e-06,9.0698465e-10,0.9999949
283,1415.0,1425.0,0.9999932,6.840676e-06,1.9204088e-17,4.5804186e-06,5.330442e-08,0.99999535
284,1420.0,1430.0,0.9999739,2.611268e-05,1.6679723e-15,1.946903e-05,1.4954411e-05,0.99996555
285,1425.0,1435.0,0.9999521,4.7968977e-05,4.963225e-16,2.2014854e-05,1.0045275e-06,0.999977
286,1430.0,1440.0,0.99998605,1.4000814e-05,1.2865073e-16,1.3884501e-05,1.3032973e-05,0.99997306
287,1435.0,1445.0,0.99998605,1.3986629e-05,4.142594e-17,9.112599e-06,7.8998055e-05,0.9999119
288,1440.0,1450.0,0.99993455,6.543892e-05,2.117772e-17,1.3813334e-05,4.684257e-05,0.9999393
289,1445.0,1455.0,0.9999428,5.7162782e-05,3.561817e-16,2.6042972e-05,0.00015832185,0.99981564
290,1450.0,1460.0,0.99996173,3.821176e-05,1.0809242e-14,4.645842e-05,0.00013788891,0.99981564
291,1455.0,1465.0,0.99992406,7.594994e-05,4.5209892e-14,8.7775945e-05,1.0402642e-05,0.9999018
292,1460.0,1470.0,0.9999609,3.9147748e-05,1.4329026e-15,3.711643e-05,0.043429665,0.95653325
293,1465.0,1475.0,0.99997246,2.7575978e-05,1.0007548e-15,1.8027646e-05,0.6494136,0.35056832
294,1470.0,1480.0,0.9999988,1.2192222e-06,2.1774751e-16,4.6227833e-06,2.126266e-06,0.9999932
295,1475.0,1485.0,0.9999988,1.2446276e-06,1.0809137e-16,3.2932267e-06,1.191192e-06,0.99999547
296,1480.0,1490.0,0.99999976,2.5231896e-07,2.5312795e-17,1.3672954e-08,0.9977054,0.0022946815
297,1485.0,1495.0,0.99999464,5.3361146e-06,3.574417e-15,1.5476351e-05,0.10417206,0.89581245
298,1490.0,1500.0,0.9999958,4.1567105e-06,5.5193424e-16,7.025388e-06,0.038080417,0.96191263
299,1495.0,1505.0,0.9999875,1.2494008e-05,1.8543284e-14,3.6403628e-05,0.105558865,0.89440477
300,1500.0,1510.0,0.9999945,5.5117466e-06,8.4885877e-17,9.19733e-06,0.000114482755,0.99987626
301,1505.0,1515.0,0.9999325,6.746641e-05,5.243388e-16,2.5312966e-05,3.389393e-08,0.9999746
302,1510.0,1520.0,0.9999659,3.408737e-05,7.254825e-15,3.2206583e-05,0.0009721629,0.9989956
303,1515.0,1525.0,0.9999794,2.0609285e-05,2.747656e-15,2.9241177e-05,0.4722377,0.527733
304,1520.0,1530.0,0.9983998,0.0016002207,4.6990025e-12,0.0005519016,1.4235268e-05,0.9994338
305,1525.0,1535.0,0.99926466,0.000735365,2.1803512e-12,0.00040629128,3.0435831e-05,0.9995633
306,1530.0,1540.0,0.9999832,1.6825446e-05,4.4238434e-16,1.3656478e-05,6.528302e-05,0.9999211
307,1535.0,1545.0,0.9999814,1.8609922e-05,1.3582623e-15,2.6521742e-05,0.0083992295,0.9915742
308,1540.0,1550.0,0.99993646,6.354533e-05,6.362709e-14,0.00012706619,0.1985345,0.80133843
309,1545.0,1555.0,0.9987293,0.0012706993,2.7858795e-11,0.00078502216,0.000333168,0.99888176
310,1550.0,1560.0,0.999959,4.096499e-05,1.3869908e-14,6.137459e-05,0.0001616214,0.999777
311,1555.0,1565.0,0.999954,4.600913e-05,7.107394e-15,2.6473352e-05,5.0233568e-05,0.9999232
312,1560.0,1570.0,0.99997544,2.4535148e-05,4.738242e-15,1.9858719e-05,0.0009116982,0.99906844
313,1565.0,1575.0,0.99993384,6.616852e-05,5.795439e-15,2.9744184e-05,9.475589e-05,0.9998754
314,1570.0,1580.0,0.9997085,0.00029152315,6.9109865e-13,0.00034305916,0.00041996528,0.99923694
315,1575.0,1585.0,0.99997234,2.7677488e-05,6.1409475e-14,0.00010885349,0.08486069,0.9150305
316,1580.0,1590.0,0.9999938,6.2339354e-06,8.4421164e-16,1.3646638e-05,0.0020465227,0.99793977
317,1585.0,1595.0,0.99998534,1.4682809e-05,3.1121896e-16,6.8174973e-06,1.4442974e-08,0.9999932
318,1590.0,1600.0,0.9999939,6.022934e-06,2.1204361e-17,3.2812866e-06,7.454243e-12,0.99999666
319,1595.0,1605.0,0.999987,1.3029029e-05,3.3803952e-16,8.112421e-06,2.4933166e-07,0.99999166
320,1600.0,1610.0,0.9999969,3.1446e-06,5.305372e-17,1.199575e-08,0.9995641,0.0004359226
321,1605.0,1615.0,0.99997675,2.3262563e-05,1.8817574e-14,4.024359e-05,0.26879835,0.7311615
322,1610.0,1620.0,0.99996674,3.32211e-05,2.2143052e-14,3.0448167e-05,0.00026519364,0.9997043
323,1615.0,1625.0,0.99987364,0.00012631681,1.1100469e-11,4.587348e-06,0.99159384,0.0084016025
324,1620.0,1630.0,0.99933213,0.00066778396,5.4076896e-11,9.090105e-05,0.9529539,0.04695524
325,1625.0,1635.0,0.99986327,0.00013665792,3.3674743e-12,0.00028355615,0.0132331615,0.9864833
326,1630.0,1640.0,0.9999629,3.7073718e-05,1.1041328e-13,8.770039e-05,0.024730377,0.975182
327,1635.0,1645.0,0.9999722,2.777262e-05,8.569942e-15,3.191365e-05,0.0015543625,0.9984137
328,1640.0,1650.0,0.9999808,1.9237714e-05,1.6071171e-14,3.621078e-05,8.93252e-06,0.9999548
329,1645.0,1655.0,0.99991345,8.6548156e-05,4.8266436e-15,3.0497924e-05,5.5483717e-08,0.9999695
330,1650.0,1660.0,0.9999541,4.585507e-05,2.0383621e-15,4.271748e-05,9.692471e-09,0.9999573
331,1655.0,1665.0,0.9999294,7.062627e-05,3.3907407e-15,5.962107e-05,3.96849e-06,0.99993646
332,1660.0,1670.0,0.9999032,9.6832635e-05,6.1934986e-15,6.334353e-05,1.766644e-05,0.99991894
333,1665.0,1675.0,0.99994445,5.5581764e-05,4.0258044e-15,3.6135338e-05,0.00040082046,0.99956304
334,1670.0,1680.0,0.99999404,5.9372765e-06,9.4450586e-17,9.194874e-06,0.02715213,0.9728387
335,1675.0,1685.0,0.99996305,3.6942183e-05,1.5402013e-14,6.960881e-05,0.027835838,0.97209454
336,1680.0,1690.0,0.9999777,2.231075e-05,9.658862e-16,2.2357035e-05,0.0007300938,0.99924755
337,1685.0,1695.0,0.9999871,1.2839444e-05,1.2143861e-16,9.691689e-06,0.0012321713,0.9987582
338,1690.0,1700.0,0.99968386,0.00031617968,4.445784e-13,0.00021460459,0.00017143383,0.99961394
339,1695.0,1705.0,0.9980319,0.0019680462,3.5609644e-11,0.0011939033,0.00017124502,0.9986349
340,1700.0,1710.0,0.9998995,0.00010050428,1.0768689e-14,6.260514e-05,0.00055697595,0.99938035
341,1705.0,1715.0,0.9999939,6.118412e-06,5.3119003e-16,4.9790888e-06,0.8367063,0.16328877
342,1710.0,1720.0,0.99999464,5.306746e-06,2.633527e-17,5.801875e-06,0.05777291,0.9422212
343,1715.0,1725.0,0.9998623,0.00013765712,1.5408556e-16,6.944331e-05,0.00024050896,0.99969006
344,1720.0,1730.0,0.99987733,0.00012267107,6.815301e-14,0.000112613685,0.0013352128,0.99855214
345,1725.0,1735.0,0.99987197,0.00012802637,6.3245166e-13,0.00017184076,0.003762832,0.9960653
346,1730.0,1740.0,0.99999833,1.7119188e-06,1.9112395e-17,4.679388e-06,0.009320059,0.9906753
347,1735.0,1745.0,0.99999726,2.7715275e-06,7.914791e-17,7.928481e-06,0.022329954,0.97766215
348,1740.0,1750.0,0.99999225,7.764805e-06,1.6838762e-16,9.841198e-06,0.00031584097,0.9996743
349,1745.0,1755.0,0.99991095,8.9019355e-05,1.24072226e-14,6.8620604e-05,0.0007549119,0.99917644
350,1750.0,1760.0,0.99905246,0.0009475202,3.7130883e-13,0.0002533777,4.3367738e-05,0.9997032
351,1755.0,1765.0,0.9998294,0.00017060351,3.0208968e-15,7.9753576e-05,1.05475344e-07,0.9999201
352,1760.0,1770.0,0.99998903,1.0948068e-05,1.5785891e-16,1.0736008e-05,0.006117153,0.99387217
353,1765.0,1775.0,0.99975187,0.00024809592,3.871684e-14,7.2879484e-05,5.2642037e-08,0.99992704
354,1770.0,1780.0,0.9997547,0.00024527777,6.128052e-14,8.253422e-05,9.391552e-11,0.9999175
355,1775.0,1785.0,0.9999137,8.626217e-05,7.838905e-14,8.7276494e-05,5.9198353e-09,0.99991274
356,1780.0,1790.0,0.9997249,0.00027500183,4.2220773e-13,0.0002471452,0.008518699,0.9912341
357,1785.0,1795.0,0.9998486,0.000151335,1.1150763e-14,5.4623884e-05,0.0038037407,0.9961416
358,1790.0,1800.0,0.9999864,1.35903665e-05,4.930146e-16,2.1493523e-05,0.14247455,0.85750395
359,1795.0,1805.0,0.9999492,5.075369e-05,5.402711e-13,8.692902e-05,0.2484174,0.75149566
360,1800.0,1810.0,0.999803,0.00019696685,4.468086e-13,0.000112116264,2.4313716e-05,0.9998635
361,1805.0,1815.0,0.9999713,2.8763212e-05,1.7449442e-15,5.2391846e-05,0.011559799,0.98838776
362,1810.0,1820.0,0.99996483,3.5134213e-05,2.6669774e-13,7.282006e-05,0.059020333,0.9409069
363,1815.0,1825.0,0.9999838,1.6220665e-05,3.562157e-14,3.5433182e-05,0.089262255,0.9107023
364,1820.0,1830.0,0.999967,3.2968743e-05,7.340743e-15,2.361533e-05,1.690719e-05,0.99995947
365,1825.0,1835.0,0.9999341,6.594208e-05,2.663356e-14,4.4452456e-05,5.968258e-06,0.9999496
366,1830.0,1840.0,0.99994516,5.4847413e-05,4.471541e-14,8.501184e-05,1.0738763e-07,0.9999149
367,1835.0,1845.0,0.9999641,3.5843892e-05,1.4006066e-14,4.658736e-05,2.1553848e-07,0.99995315
368,1840.0,1850.0,0.99991465,8.5398526e-05,7.705468e-14,0.00022307671,0.044246778,0.95553017
369,1845.0,1855.0,0.99969065,0.00030940375,4.2028748e-13,0.00015154638,0.0006360296,0.9992124
370,1850.0,1860.0,0.9996785,0.00032155364,1.3008005e-12,0.00019223173,0.0014606608,0.99834716
371,1855.0,1865.0,0.99968493,0.00031510208,1.05676935e-13,0.00015018506,2.1496373e-05,0.99982834
372,1860.0,1870.0,0.9998621,0.00013785626,6.6695754e-14,0.000101594225,6.191345e-06,0.99989223
373,1865.0,1875.0,0.9997638,0.00023625541,4.704684e-13,0.00018693204,5.9965587e-05,0.99975306
374,1870.0,1880.0,0.99986625,0.00013368935,4.816305e-13,0.00031377148,0.01579313,0.98389316
375,1875.0,1885.0,0.9998745,0.00012547956,6.117738e-14,0.00012079195,1.9768528e-05,0.99985945
376,1880.0,1890.0,0.9999646,3.5384382e-05,9.25981e-16,1.9722873e-05,9.7502656e-05,0.9998828
377,1885.0,1895.0,0.9999733,2.6759762e-05,2.5337146e-17,9.9763465e-06,0.0002137052,0.9997763
378,1890.0,1900.0,0.99997985,2.0120096e-05,4.8573998e-17,1.0689631e-05,0.000121639496,0.9998677
379,1895.0,1905.0,0.9999726,2.735893e-05,4.505371e-17,1.0680453e-05,1.6373095e-05,0.99997294
380,1900.0,1910.0,0.9999832,1.6807964e-05,1.9025707e-15,3.5604004e-05,0.06871572,0.93124866
381,1905.0,1915.0,0.999899,0.00010091511,7.2342883e-12,0.002795348,0.005196598,0.9920081
382,1910.0,1920.0,0.9983512,0.0016488418,6.5141764e-12,0.0007925951,3.61636e-05,0.99917126
383,1915.0,1925.0,0.9998247,0.00017535758,2.1940061e-14,8.2267994e-05,3.3434735e-05,0.99988425
384,1920.0,1930.0,0.999877,0.00012304726,4.4784762e-13,0.00015400223,0.00079337734,0.9990526
385,1925.0,1935.0,0.99971884,0.0002811591,1.7743322e-12,0.00020200612,2.0112713e-05,0.99977785
386,1930.0,1940.0,0.99963725,0.00036279994,2.6373706e-13,0.00012223063,6.7551205e-06,0.999871
387,1935.0,1945.0,0.9999238,7.616049e-05,2.717971e-15,4.932295e-05,1.3424359e-06,0.99994934
388,1940.0,1950.0,0.9998474,0.00015253019,7.671984e-14,9.867888e-05,2.1548156e-05,0.9998797
389,1945.0,1955.0,0.9984896,0.0015103422,3.913231e-12,0.00045581095,1.0574403e-05,0.99953365
390,1950.0,1960.0,0.99994504,5.4948923e-05,1.0696456e-16,1.9856734e-05,2.407238e-07,0.99997985
391,1955.0,1965.0,0.99995923,4.0720468e-05,1.2686996e-15,2.4661675e-05,2.8839073e-05,0.9999465
392,1960.0,1970.0,0.9998505,0.00014941764,1.7278776e-14,9.4879106e-05,0.0005343359,0.99937075
393,1965.0,1975.0,0.9994849,0.0005150671,2.482235e-13,0.00018610245,0.073372446,0.9264415
394,1970.0,1980.0,0.99989283,0.000107214735,5.553708e-15,6.061173e-05,0.037810996,0.9621284
395,1975.0,1985.0,0.99993825,6.178868e-05,8.919257e-15,4.72624e-05,0.0021709418,0.9977818
396,1980.0,1990.0,0.9996437,0.00035628132,2.598401e-13,0.00014133356,0.00047963278,0.99937904
397,1985.0,1995.0,0.99934345,0.0006564941,2.9728745e-13,0.00027004126,4.0378507e-07,0.9997296
398,1990.0,2000.0,0.9977652,0.0022348687,4.1498745e-12,0.0005596498,4.7397354e-08,0.99944025
399,1995.0,2005.0,0.9987884,0.0012116256,1.8817964e-13,0.00019362393,1.130429e-05,0.99979514
400,2000.0,2010.0,0.9993267,0.0006733712,6.454311e-14,0.00014914584,0.00016452704,0.99968636
401,2005.0,2015.0,0.9998597,0.00014026594,2.0448771e-13,0.00012084716,0.002715375,0.9971637
402,2010.0,2020.0,0.999967,3.300032e-05,2.4727998e-15,0.00014500093,5.1455063e-06,0.9998498
403,2015.0,2025.0,0.99998367,1.6275953e-05,3.600585e-15,8.378047e-05,2.5554938e-05,0.9998907
404,2020.0,2030.0,0.9998939,0.00010608133,2.2542093e-13,0.000115313116,0.00126629,0.99861836
405,2025.0,2035.0,0.99873346,0.0012665397,9.707571e-12,0.00075943896,0.00012854591,0.99911195
406,2030.0,2040.0,0.9935382,0.006461843,1.7658078e-10,0.003740616,0.00018914496,0.99607027
407,2035.0,2045.0,0.99961555,0.0003844561,2.6032952e-12,0.00049193937,0.0019684406,0.99753964
408,2040.0,2050.0,0.9987796,0.0012204389,1.4945242e-10,0.0009874471,0.008942076,0.9900705
409,2045.0,2055.0,0.9999962,3.7720815e-06,9.619029e-17,1.3123945e-05,0.072263,0.9277238
410,2050.0,2060.0,0.9999895,1.054165e-05,3.4376364e-15,2.3756555e-05,0.0029277909,0.99704844
411,2055.0,2065.0,0.9999752,2.4845172e-05,7.047302e-14,5.6784604e-05,0.259866,0.7400772
412,2060.0,2070.0,0.99877733,0.001222656,6.8006175e-13,0.00059779926,0.00032540254,0.9990767
413,2065.0,2075.0,0.9954476,0.004552393,3.5097448e-13,0.0007718523,0.00036314217,0.998865
414,2070.0,2080.0,0.9998826,0.0001173488,7.0198296e-15,5.331573e-05,4.0187253e-05,0.99990654
415,2075.0,2085.0,0.99997663,2.3412098e-05,1.7862648e-16,1.07002825e-05,1.1045669e-06,0.9999882
416,2080.0,2090.0,0.99990296,9.702266e-05,7.535178e-16,0.00011121014,3.2955424e-05,0.99985576
417,2085.0,2095.0,0.99985325,0.0001467143,4.073061e-14,8.758387e-05,3.1595343e-06,0.9999093
418,2090.0,2100.0,0.99965215,0.00034789793,3.34572e-13,0.00017072019,6.664813e-06,0.9998227
419,2095.0,2105.0,0.99665403,0.0033459857,4.4472863e-11,0.0023248068,0.005952919,0.9917223
420,2100.0,2110.0,0.99806815,0.0019318342,1.1285892e-11,0.0010622388,4.155457e-05,0.9988961
421,2105.0,2115.0,0.9995246,0.00047537917,2.4886248e-13,0.00016341706,5.313953e-05,0.99978346
422,2110.0,2120.0,0.9999771,2.2834092e-05,9.115882e-15,4.9510734e-05,0.07821572,0.9217348
423,2115.0,2125.0,0.9999523,4.7645735e-05,3.283076e-13,7.712443e-05,0.08092999,0.9189928
424,2120.0,2130.0,0.9999968,3.165116e-06,3.3382439e-15,1.4352346e-05,0.5579384,0.44204727
425,2125.0,2135.0,0.99805343,0.0019465922,1.9693788e-11,0.0011376721,9.251744e-05,0.9987698
426,2130.0,2140.0,0.99991155,8.844517e-05,1.7849845e-15,3.5573183e-05,5.5572414e-06,0.9999589
427,2135.0,2145.0,0.99995863,4.135791e-05,1.1623149e-16,1.01151245e-05,6.3523937e-09,0.99998987
428,2140.0,2150.0,0.99983144,0.00016848044,1.4630222e-14,8.291658e-05,5.7801117e-06,0.9999113
429,2145.0,2155.0,0.9983753,0.0016247019,5.1673395e-11,0.0011573164,0.00075671106,0.998086
430,2150.0,2160.0,0.9964755,0.00352449,1.5511968e-09,0.005939993,0.0027653556,0.9912947
431,2155.0,2165.0,0.99997723,2.2781023e-05,6.1652686e-15,5.3095413e-05,0.00030342094,0.99964345
432,2160.0,2170.0,0.9999442,5.580685e-05,5.8754546e-16,2.3393626e-05,9.212086e-05,0.9998845
433,2165.0,2175.0,0.9999918,8.246934e-06,2.7253079e-16,2.043996e-05,0.1577187,0.84226084
434,2170.0,2180.0,0.9999608,3.9200346e-05,2.2637748e-13,1.5379324e-05,0.9152233,0.08476133
435,2175.0,2185.0,0.9984686,0.0015313609,3.6789193e-11,0.00103403,0.24688499,0.75208104
436,2180.0,2190.0,0.99992216,7.779911e-05,1.0603216e-13,0.00017262888,0.014008794,0.98581856
437,2185.0,2195.0,0.9999002,9.9817655e-05,9.856683e-16,3.5791363e-05,1.9355712e-08,0.99996424
438,2190.0,2200.0,0.999951,4.896408e-05,7.326159e-16,4.3756565e-05,1.6022555e-12,0.99995625
439,2195.0,2205.0,0.99997234,2.7670627e-05,1.4894828e-15,1.753584e-05,9.721742e-10,0.9999825
440,2200.0,2210.0,0.99994695,5.301913e-05,1.7107092e-14,4.011281e-05,2.025399e-05,0.9999397
441,2205.0,2215.0,0.99999,9.984513e-06,6.505992e-16,1.3616485e-05,0.0006499547,0.9993364
442,2210.0,2220.0,0.999977,2.3004359e-05,2.6703768e-15,2.7690468e-05,0.001681116,0.9982912
443,2215.0,2225.0,0.9999789,2.112241e-05,9.942159e-17,2.0477946e-05,6.614117e-06,0.99997294
444,2220.0,2230.0,0.99931335,0.0006866893,3.1780097e-12,0.00037377092,0.00020767744,0.9994186
445,2225.0,2235.0,0.9992163,0.00078371656,2.4190093e-11,0.0006986494,0.0016134905,0.9976878
446,2230.0,2240.0,0.9997552,0.00024477366,5.7429815e-13,0.00018818313,6.962075e-06,0.9998049
447,2235.0,2245.0,0.9999906,9.476324e-06,5.696424e-17,1.0452606e-05,2.1801749e-05,0.9999677
448,2240.0,2250.0,0.99961805,0.0003819564,5.4615516e-14,0.00013673029,6.9506044e-05,0.9997938
449,2245.0,2255.0,0.99997056,2.9458632e-05,9.6380286e-17,9.255735e-06,3.364316e-07,0.99999046
450,2250.0,2260.0,0.999997,3.0250815e-06,6.09834e-19,2.1081444e-06,1.5044395e-11,0.99999785
451,2255.0,2265.0,0.99999857,1.4730458e-06,3.4659046e-19,2.2032943e-06,1.0438594e-07,0.99999774
452,2260.0,2270.0,0.9994228,0.00057720393,6.0715144e-12,0.0005174088,5.8262438e-05,0.99942434
453,2265.0,2275.0,0.99545246,0.0045475424,1.1143061e-10,0.0022640724,4.3294145e-05,0.9976927
454,2270.0,2280.0,0.9999963,3.6837287e-06,5.8678055e-17,9.385229e-06,0.06758358,0.9324071
455,2275.0,2285.0,0.9992768,0.0007231581,9.090307e-14,0.00018193801,1.5879693e-06,0.9998165
456,2280.0,2290.0,0.99865496,0.0013449928,1.0181002e-13,0.0005112608,5.5384e-08,0.9994887
457,2285.0,2295.0,0.9999832,1.678453e-05,1.869077e-15,5.0437124e-05,0.011035198,0.9889143
458,2290.0,2300.0,0.9992194,0.00078058656,3.2126649e-10,0.0019170828,0.09611682,0.90196615
459,2295.0,2305.0,0.9995408,0.00045922186,6.417155e-11,0.00089158566,0.06922813,0.92988026
460,2300.0,2310.0,0.9996569,0.00034309845,2.7794971e-12,0.00035765136,0.02596231,0.97368
461,2305.0,2315.0,0.9998511,0.00014890208,7.530793e-16,5.0560895e-05,3.9083403e-05,0.99991035
462,2310.0,2320.0,0.99990463,9.530107e-05,1.1359374e-12,0.00028934935,0.21286236,0.78684825
463,2315.0,2325.0,0.9999547,4.532416e-05,8.314115e-15,0.00015500947,0.1082407,0.8916043
464,2320.0,2330.0,0.9998753,0.00012464587,3.4138827e-13,0.00036943264,0.014504872,0.98512566
465,2325.0,2335.0,0.9979673,0.0020326208,4.1260845e-10,0.0025739577,0.0400973,0.9573287
466,2330.0,2340.0,0.99980026,0.00019978304,1.0298128e-12,0.00017696133,0.0005127984,0.99931026
467,2335.0,2345.0,0.99947554,0.00052448764,2.2582624e-12,0.00028375848,9.573913e-05,0.99962044
468,2340.0,2350.0,0.9996019,0.0003981051,3.3167425e-14,0.0001274743,1.7223854e-05,0.9998553
469,2345.0,2355.0,0.999795,0.00020498462,3.843662e-14,0.00015105511,0.0043012295,0.9955478
470,2350.0,2360.0,0.9990883,0.0009117468,2.0858755e-12,0.0015840373,0.0010035192,0.9974125
471,2355.0,2365.0,0.99937636,0.00062369916,1.1302015e-12,0.00076779816,0.00011871171,0.9991135
472,2360.0,2370.0,0.9994584,0.0005416297,2.0035727e-13,0.00032414394,7.3660434e-05,0.99960226
473,2365.0,2375.0,0.9998685,0.0001314973,1.7698974e-14,9.1042544e-05,0.00022328955,0.99968565
474,2370.0,2380.0,0.9999683,3.165456e-05,5.2005813e-18,4.045266e-06,1.3265956e-10,0.99999595
475,2375.0,2385.0,0.9999765,2.3426814e-05,3.014017e-17,9.6164495e-06,8.886359e-10,0.99999034
476,2380.0,2390.0,0.99954647,0.00045348992,3.9938493e-13,0.00018110502,0.0081858765,0.99163294
477,2385.0,2395.0,0.99535215,0.004647842,2.670585e-10,0.001577508,0.0009786697,0.9974438
478,2390.0,2400.0,0.9969717,0.003028313,2.5253511e-11,0.00092623435,0.00061808585,0.99845564
479,2395.0,2405.0,0.9999193,8.0661e-05,9.605104e-14,9.9476485e-05,0.010843405,0.9890571
480,2400.0,2410.0,0.99997234,2.7634418e-05,1.6225574e-16,2.5909396e-05,0.023606017,0.97636807
481,2405.0,2415.0,0.999944,5.6034558e-05,8.08828e-17,1.4945829e-05,2.5330945e-07,0.99998474
482,2410.0,2420.0,0.9993581,0.0006418603,1.9167046e-14,0.000118070195,1.0380259e-05,0.9998715
483,2415.0,2425.0,0.99988544,0.000114551294,1.3132135e-13,0.00010130509,0.0006389391,0.99925977
484,2420.0,2430.0,0.99976486,0.00023517753,3.3995326e-15,6.217343e-05,2.3406958e-05,0.9999144
485,2425.0,2435.0,0.9999473,5.2666535e-05,3.8389868e-14,0.0001778172,0.00039833362,0.99942386
486,2430.0,2440.0,1.0,2.880565e-09,1.8371381e-20,4.2810912e-05,5.0366238e-05,0.9999068
487,2435.0,2445.0,1.0,1.5791474e-10,4.663246e-21,0.00086647685,0.004390756,0.99474275
488,2440.0,2450.0,0.9449278,0.055072226,5.99703e-09,0.026396828,2.3904922e-06,0.9736008
489,2445.0,2455.0,0.99932146,0.0006785153,4.3958137e-14,0.00020603482,3.4882393e-07,0.9997936
490,2450.0,2460.0,0.9995957,0.00040432866,7.5578004e-13,0.00017953613,1.1730416e-05,0.9998087
491,2455.0,2465.0,0.9997423,0.0002576448,4.5104206e-13,0.000147142,9.276899e-05,0.9997601
492,2460.0,2470.0,0.9999758,2.4182986e-05,8.2746046e-17,2.008821e-05,0.00037305497,0.9996069
493,2465.0,2475.0,0.9999825,1.7569671e-05,1.8735998e-17,1.1569545e-05,0.00016237478,0.99982613
494,2470.0,2480.0,0.99716765,0.0028323275,1.227138e-12,0.000709933,5.5010196e-06,0.99928457
495,2475.0,2485.0,0.99984944,0.00015051429,6.519219e-14,0.0001861319,0.00022279494,0.99959105
496,2480.0,2490.0,0.99998045,1.9558911e-05,3.7637634e-16,2.5165911e-05,0.0011538718,0.99882096
497,2485.0,2495.0,0.99931407,0.00068595243,4.8824385e-14,0.00051934377,0.004641202,0.9948395
498,2490.0,2500.0,0.99904305,0.00095698755,4.962709e-15,0.00038126434,0.06504017,0.93457854
499,2495.0,2505.0,0.9999715,2.847484e-05,5.019163e-17,1.5388778e-05,6.5601766e-06,0.99997807
500,2500.0,2510.0,0.9999037,9.625604e-05,5.008918e-12,0.00037880582,0.0009804145,0.99864084
501,2505.0,2515.0,0.9998747,0.00012525936,7.416011e-12,0.0003988182,0.012434244,0.98716694
502,2510.0,2520.0,0.9999455,5.4478765e-05,4.118227e-16,3.593336e-05,0.00053090416,0.9994331
503,2515.0,2525.0,0.9996489,0.00035107546,1.8477685e-12,0.00034125627,0.00061483507,0.9990439
504,2520.0,2530.0,0.9998078,0.00019218994,2.1607562e-12,0.00026403827,0.0055918046,0.99414414
505,2525.0,2535.0,0.99875414,0.0012458747,4.9753153e-12,0.00040533656,8.652777e-05,0.99950814
506,2530.0,2540.0,0.9788887,0.021111302,9.011538e-11,0.0043829274,4.4557172e-08,0.99561703
507,2535.0,2545.0,0.9975612,0.0024387515,6.68675e-13,0.00085719506,7.699011e-09,0.99914277
508,2540.0,2550.0,0.9999579,4.208436e-05,1.5921478e-15,4.770809e-05,0.0007927064,0.9991596
509,2545.0,2555.0,0.99939764,0.0006023415,6.4982e-11,0.0012416658,0.069255486,0.92950284
510,2550.0,2560.0,0.9997873,0.00021270839,1.2472601e-13,0.00013315711,2.528786e-05,0.9998416
511,2555.0,2565.0,0.99985194,0.00014805698,1.4454109e-15,4.3262025e-05,8.013221e-05,0.9998766
512,2560.0,2570.0,0.9996946,0.00030548667,1.4755666e-14,0.00013892392,0.006069094,0.993792
513,2565.0,2575.0,0.9998926,0.000107436,2.4448814e-15,5.2993753e-05,0.00013165532,0.9998154
514,2570.0,2580.0,0.99964535,0.00035466807,7.542061e-13,0.00019930542,0.0002567008,0.99954396
515,2575.0,2585.0,0.99991083,8.9189474e-05,3.1125765e-15,7.025244e-05,0.014067162,0.98586255
516,2580.0,2590.0,0.9980362,0.0019637602,2.3192254e-11,0.00067277084,0.00022810967,0.99909914
517,2585.0,2595.0,0.999987,1.2993825e-05,1.2680811e-16,1.3814016e-05,0.0008192589,0.99916697
518,2590.0,2600.0,0.9999312,6.8814035e-05,2.8171037e-15,4.1384006e-05,0.00017315119,0.9997855
519,2595.0,2605.0,0.9999713,2.8710292e-05,3.0166006e-17,1.3203704e-05,7.9420955e-05,0.9999074
520,2600.0,2610.0,0.9999788,2.1173919e-05,3.627253e-17,9.51059e-06,9.35101e-07,0.9999895
521,2605.0,2615.0,0.9999821,1.7862556e-05,7.5163957e-16,2.8841834e-05,2.2454718e-05,0.99994874
522,2610.0,2620.0,0.9999887,1.1381743e-05,1.1598688e-17,4.8689985e-06,3.883278e-06,0.9999913
523,2615.0,2625.0,0.9999937,6.302247e-06,2.72047e-18,2.9521575e-06,5.882511e-06,0.9999912
524,2620.0,2630.0,0.9997404,0.0002595905,6.5257197e-15,0.00010861941,0.0002343612,0.99965703
525,2625.0,2635.0,0.9999809,1.907858e-05,3.2123023e-16,2.3523282e-05,0.52300644,0.47697005
526,2630.0,2640.0,0.9999342,6.5779655e-05,1.1841865e-13,0.00026903913,0.03540848,0.96432245
527,2635.0,2645.0,0.9998273,0.0001727301,4.2934382e-14,0.00014326246,3.1277132e-08,0.9998567
528,2640.0,2650.0,0.99947375,0.00052622723,2.4729583e-14,0.00011127087,2.7677427e-10,0.99988866
529,2645.0,2655.0,0.9999695,3.0530606e-05,6.3901563e-16,2.1081212e-05,2.1144756e-07,0.99997866
530,2650.0,2660.0,0.99997616,2.3831379e-05,9.056529e-16,2.8914517e-05,0.0043299105,0.9956411
531,2655.0,2665.0,0.9999938,6.147468e-06,1.6503652e-16,1.738181e-05,0.02985094,0.97013164
532,2660.0,2670.0,0.999624,0.0003759726,1.5984639e-12,0.00027419065,0.0005799443,0.99914587
533,2665.0,2675.0,0.9999957,4.241557e-06,5.30069e-18,5.6155864e-06,0.007017864,0.9929765
534,2670.0,2680.0,0.99995995,4.0087925e-05,3.633361e-17,1.0030987e-05,6.1927346e-07,0.9999894
535,2675.0,2685.0,0.9999832,1.6801137e-05,1.3813118e-17,1.0114972e-05,2.6606078e-05,0.9999633
536,2680.0,2690.0,0.9999987,1.2661556e-06,1.1967395e-18,3.7608143e-06,0.0040903846,0.9959059
537,2685.0,2695.0,0.999997,3.0083922e-06,5.9317e-18,3.778202e-06,1.624632e-05,0.99998
538,2690.0,2700.0,0.99983835,0.0001615934,2.1187744e-15,4.3453834e-05,3.6065e-08,0.9999565
539,2695.0,2705.0,0.9986864,0.0013136443,2.7765679e-14,0.000112358844,7.287559e-10,0.9998876
540,2700.0,2710.0,0.9998628,0.00013718565,6.8137948e-15,7.0219896e-05,2.8629282e-07,0.99992955
541,2705.0,2715.0,0.99998,2.0005664e-05,3.3908426e-14,0.00011978713,0.00039276687,0.9994874
542,2710.0,2720.0,0.99993896,6.1075916e-05,2.7943829e-14,0.00010302008,6.6850725e-07,0.9998963
543,2715.0,2725.0,0.99960715,0.00039291452,1.6348373e-14,7.2928924e-05,5.6238965e-09,0.99992704
544,2720.0,2730.0,0.99999774,2.318667e-06,4.988334e-17,8.969154e-06,0.00060768606,0.99938333
545,2725.0,2735.0,0.99999964,3.4451355e-07,8.013696e-18,4.1801827e-06,0.0077768974,0.992219
546,2730.0,2740.0,0.99999964,3.17933e-07,9.772954e-19,1.7170254e-06,0.0001733849,0.99982494
547,2735.0,2745.0,0.9999896,1.0429117e-05,3.2594743e-14,0.0001507723,0.0107658245,0.98908335
548,2740.0,2750.0,0.99984634,0.00015364558,6.5132023e-12,0.0004285007,0.05928689,0.9402846
549,2745.0,2755.0,0.99899596,0.0010040867,2.2669752e-10,0.0016903059,0.04266862,0.9556411
550,2750.0,2760.0,0.9999975,2.540885e-06,1.3107065e-15,1.8314123e-06,0.954177,0.045821182
551,2755.0,2765.0,0.9999943,5.7085667e-06,2.5625428e-15,8.7355065e-06,0.8222831,0.17770821
552,2760.0,2770.0,0.99995446,4.5500106e-05,2.1555754e-14,7.7247445e-05,0.00039410006,0.99952865
553,2765.0,2775.0,0.99998903,1.10044575e-05,1.8723483e-16,1.012666e-05,5.6336103e-06,0.99998426
554,2770.0,2780.0,0.99973637,0.00026356452,1.14381e-11,0.0003559551,3.277519e-05,0.9996113
555,2775.0,2785.0,0.99996257,3.744756e-05,3.467901e-16,1.7396424e-05,7.944438e-10,0.9999826
556,2780.0,2790.0,0.999985,1.49705975e-05,3.1099202e-17,5.381953e-06,3.6285017e-09,0.99999464
557,2785.0,2795.0,0.99999976,2.1233286e-07,3.4795934e-19,1.1112893e-06,0.4177534,0.5822454
558,2790.0,2800.0,0.9999987,1.3112592e-06,3.0958668e-16,2.9501414e-05,0.043261778,0.9567087
559,2795.0,2805.0,0.9999733,2.666543e-05,2.4175159e-14,0.00015799193,5.6192537e-05,0.99978584
560,2800.0,2810.0,0.999984,1.5945194e-05,3.8238646e-16,1.4316026e-05,3.5538953e-08,0.9999857
561,2805.0,2815.0,0.9998895,0.00011043864,2.1919898e-14,8.66774e-05,1.885073e-07,0.9999131
562,2810.0,2820.0,0.99997556,2.4490757e-05,1.2915691e-15,4.0055133e-05,1.2722363e-07,0.9999598
563,2815.0,2825.0,0.9999913,8.693872e-06,8.5910125e-17,9.844635e-06,2.1908335e-08,0.9999901
564,2820.0,2830.0,0.99998474,1.5249681e-05,3.3796268e-16,2.1977565e-05,0.0021479514,0.9978301
565,2825.0,2835.0,0.9997925,0.00020744135,8.367269e-14,0.00017354057,0.0004571287,0.9993693
566,2830.0,2840.0,0.99972695,0.00027298566,5.0980724e-14,0.000107486725,5.4266453e-05,0.99983823
567,2835.0,2845.0,0.9987614,0.0012385856,3.7839527e-11,0.0008972048,0.00024903505,0.9988538
568,2840.0,2850.0,0.9999471,5.286882e-05,6.8966446e-14,0.0001897808,0.009730102,0.99008006
569,2845.0,2855.0,0.9999844,1.5557287e-05,4.4662014e-14,0.00023262136,9.1824354e-08,0.99976724
570,2850.0,2860.0,0.9999379,6.21408e-05,1.9417252e-15,0.008586923,1.951596e-14,0.9914131
571,2855.0,2865.0,1.0,4.860066e-09,8.315562e-17,0.00036975532,0.00013525254,0.999495
572,2860.0,2870.0,0.9997633,0.00023663773,9.818649e-13,0.000928628,1.3383162e-07,0.99907124
573,2865.0,2875.0,0.9999876,1.2429951e-05,6.7917816e-15,4.4985114e-05,9.5867894e-05,0.9998591
574,2870.0,2880.0,0.9999479,5.20439e-05,2.5511489e-15,4.682338e-05,1.06552335e-07,0.99995303
575,2875.0,2885.0,0.99986815,0.00013188142,8.5248106e-14,0.0003608751,1.13114424e-07,0.99963903
576,2880.0,2890.0,0.99974185,0.00025808538,2.3863493e-13,0.0005999995,0.00807648,0.9913235
577,2885.0,2895.0,0.9997415,0.00025850872,1.8181756e-13,0.0008999637,0.0044128494,0.9946872
578,2890.0,2900.0,0.99997807,2.196308e-05,5.2490154e-14,0.00029548426,8.8799986e-08,0.9997044
579,2895.0,2905.0,0.99990547,9.448748e-05,5.074582e-14,0.00030476754,4.9544358e-11,0.9996953
580,2900.0,2910.0,0.9997392,0.00026076235,7.2666647e-12,0.0039013848,2.8085653e-06,0.99609584
581,2905.0,2915.0,0.99998295,1.7020851e-05,6.710531e-13,0.005001398,0.00018157759,0.9948171
582,2910.0,2920.0,0.99145913,0.0085408,2.4392081e-12,0.0030020357,1.1169369e-10,0.99699795
583,2915.0,2925.0,0.99987674,0.00012330095,2.8955247e-15,5.024241e-05,1.3498815e-05,0.9999362
584,2920.0,2930.0,0.9999827,1.7226806e-05,5.4234126e-15,9.287486e-05,0.0020055033,0.9979017
585,2925.0,2935.0,0.9999732,2.6779979e-05,1.804608e-15,0.00072033325,4.414015e-09,0.9992797
586,2930.0,2940.0,0.9999559,4.4088465e-05,8.039781e-15,0.00039245802,3.1681e-11,0.9996076
587,2935.0,2945.0,0.9998981,0.000101893675,3.623633e-14,0.00012222375,2.3759749e-07,0.9998776
588,2940.0,2950.0,0.9999763,2.3742863e-05,7.26961e-15,0.00022619723,1.752784e-08,0.9997738
589,2945.0,2955.0,0.99993014,6.990583e-05,9.848456e-14,0.0006595568,3.5198802e-11,0.9993405
590,2950.0,2960.0,0.9993518,0.00064820825,4.4661974e-13,0.0015358947,9.278365e-13,0.9984641
591,2955.0,2965.0,0.99986506,0.00013497115,1.3857878e-13,0.00097068044,7.55836e-13,0.9990293
592,2960.0,2970.0,0.99997973,2.0285093e-05,3.046827e-14,0.00035557977,5.5471096e-11,0.9996444
593,2965.0,2975.0,0.99997413,2.5810901e-05,1.6980126e-14,0.00020323254,7.8327295e-10,0.9997968
594,2970.0,2980.0,0.99914265,0.00085732574,4.312692e-14,0.00026254653,1.0361473e-12,0.99973744
595,2975.0,2985.0,0.99994755,5.245842e-05,1.3870563e-15,6.3509404e-05,3.139398e-11,0.99993646
596,2980.0,2990.0,0.9999958,4.182925e-06,3.1112147e-15,0.009970468,2.641712e-10,0.9900295
597,2985.0,2995.0,0.99999166,8.390675e-06,1.4436792e-14,0.0015889207,1.4937683e-07,0.99841094
598,2990.0,3000.0,0.9999999,6.671075e-08,4.6808075e-18,0.0004929937,5.925807e-11,0.99950695
599,2995.0,3005.0,1.0,2.7987038e-10,1.20948015e-20,0.00044103153,3.0314522e-09,0.999559
600,3000.0,3010.0,0.9999993,6.696648e-07,7.270797e-17,0.00020125405,1.3162347e-08,0.9997987
601,3005.0,3015.0,0.99999905,9.499771e-07,2.4525016e-16,0.00013219102,1.8583451e-06,0.9998659
602,3010.0,3020.0,0.9999981,1.931733e-06,8.2679463e-16,0.00038707032,1.5830594e-06,0.9996113
603,3015.0,3025.0,1.0,3.109198e-08,7.069474e-18,3.1135376e-05,2.5093608e-05,0.99994373
604,3020.0,3030.0,1.0,8.957206e-09,4.6092034e-19,2.814814e-05,1.8548324e-05,0.99995327
605,3025.0,3035.0,0.99999857,1.4629981e-06,3.1073637e-18,2.7365522e-05,3.7910343e-07,0.9999722
606,3030.0,3040.0,0.999658,0.00034195778,3.1238596e-16,0.00013693917,2.7339617e-10,0.999863
607,3035.0,3045.0,0.9999958,4.1472945e-06,8.73017e-17,6.8019894e-05,1.2202099e-07,0.9999318
608,3040.0,3050.0,0.9999913,8.690522e-06,5.03409e-15,0.00039835574,4.113504e-07,0.9996013
609,3045.0,3055.0,0.99979895,0.00020108526,3.601998e-13,0.000607807,3.4253858e-06,0.9993887
610,3050.0,3060.0,0.9999999,6.570519e-08,2.8650557e-18,2.836791e-05,1.1732061e-06,0.99997044
611,3055.0,3065.0,1.0,3.0526843e-09,8.922035e-19,0.00011529762,1.3044059e-05,0.9998716
612,3060.0,3070.0,0.9999949,5.1048364e-06,1.3595182e-17,3.53338e-05,1.8752514e-08,0.9999646
613,3065.0,3075.0,0.99998546,1.4563603e-05,6.081372e-14,6.0510447e-05,2.4745752e-05,0.99991477
614,3070.0,3080.0,0.99999213,7.925769e-06,3.8794488e-16,7.7197175e-05,1.6766948e-10,0.99992275
615,3075.0,3085.0,0.99999976,2.9123692e-07,1.0375445e-16,7.794456e-05,2.0153033e-07,0.9999218
616,3080.0,3090.0,1.0,3.0344796e-09,1.0506117e-17,4.813675e-05,0.030170605,0.9697813
617,3085.0,3095.0,0.99995065,4.939904e-05,2.1788638e-14,0.00051363226,4.6205198e-05,0.99944013
618,3090.0,3100.0,0.9999871,1.2887877e-05,9.913317e-15,0.00011373287,0.009121406,0.99076486
619,3095.0,3105.0,0.9999968,3.2669332e-06,4.568235e-16,4.2218408e-06,0.90443593,0.09555991
620,3100.0,3110.0,0.99999166,8.313264e-06,4.7206383e-15,0.00028889423,0.0041155126,0.99559563
621,3105.0,3115.0,0.9999993,6.7417466e-07,1.3776977e-17,3.139118e-05,1.5711395e-05,0.9999529
622,3110.0,3120.0,0.999998,2.0511698e-06,3.0853347e-17,1.8355475e-05,1.8932407e-06,0.99997973
623,3115.0,3125.0,0.99999535,4.6044415e-06,7.3480313e-17,1.4987895e-05,7.0678565e-05,0.9999143
624,3120.0,3130.0,0.99681747,0.0031825365,1.8943326e-10,0.0011432582,1.1929063e-06,0.9988556
625,3125.0,3135.0,0.9999099,9.014421e-05,4.855863e-14,0.00019461516,0.00043035555,0.99937505
626,3130.0,3140.0,0.99998605,1.399103e-05,2.1723181e-14,0.00012887949,0.002853781,0.9970174
627,3135.0,3145.0,0.9999964,3.6138197e-06,1.4264361e-15,6.42957e-05,5.5918747e-05,0.9998797
628,3140.0,3150.0,0.99994254,5.7503243e-05,1.204241e-12,0.00020001373,0.0024623352,0.99733764
629,3145.0,3155.0,0.9999753,2.4656461e-05,1.2484603e-14,0.00011224914,7.779254e-05,0.99981004
630,3150.0,3160.0,0.99997354,2.6483824e-05,8.8200866e-17,3.025159e-05,9.664914e-06,0.99996006
631,3155.0,3165.0,0.9999901,9.951974e-06,9.641463e-15,0.00010373732,0.00940627,0.99048996
632,3160.0,3170.0,0.9999846,1.5366822e-05,2.1148124e-15,0.00021238968,0.020137304,0.97965026
633,3165.0,3175.0,0.99998784,1.2112003e-05,2.0934364e-15,7.0953996e-05,0.00029187844,0.9996371
634,3170.0,3180.0,0.99998987,1.0140855e-05,1.476858e-15,2.9625287e-05,1.3483001e-06,0.999969
635,3175.0,3185.0,0.9998535,0.0001465278,1.059907e-13,0.0002228445,5.336233e-09,0.99977714
636,3180.0,3190.0,0.99998593,1.40836e-05,3.0868178e-16,1.6857202e-05,6.6241887e-07,0.9999825
637,3185.0,3195.0,0.99999416,5.8697683e-06,2.354958e-16,2.2418188e-05,0.0032386512,0.996739
638,3190.0,3200.0,0.99981505,0.00018502523,1.3616631e-14,0.00013386282,7.447811e-05,0.9997917
639,3195.0,3205.0,0.9998198,0.0001802465,6.1212233e-13,0.00017515454,3.427635e-05,0.9997906
640,3200.0,3210.0,0.9999417,5.8242924e-05,3.8493788e-13,0.00013719437,0.000791507,0.99907124
641,3205.0,3215.0,0.99996924,3.0712265e-05,1.865357e-12,0.00021942181,0.002248293,0.99753225
642,3210.0,3220.0,0.99999976,2.917487e-07,9.213734e-15,0.0011232806,0.00014587486,0.99873084
643,3215.0,3225.0,0.99998593,1.4050116e-05,3.6010738e-15,0.000111382236,9.6172855e-08,0.99988854
644,3220.0,3230.0,0.999998,2.0551954e-06,1.1566018e-16,1.6655873e-05,0.0017205947,0.9982628
645,3225.0,3235.0,0.9999515,4.846603e-05,4.998468e-16,2.8900144e-05,6.295214e-07,0.99997044
646,3230.0,3240.0,0.9999958,4.1353906e-06,5.759448e-17,9.592746e-06,2.6667046e-06,0.9999877
647,3235.0,3245.0,0.9999763,2.374386e-05,1.2998932e-12,0.00015835786,0.0006356293,0.999206
648,3240.0,3250.0,0.9999697,3.0324642e-05,1.11303e-12,0.000209715,0.04717137,0.95261896
649,3245.0,3255.0,0.99992645,7.359864e-05,8.1107985e-14,0.00021032665,0.01324188,0.98654777
650,3250.0,3260.0,0.99996114,3.8914408e-05,2.0331656e-15,7.256932e-05,4.3630084e-06,0.9999231
651,3255.0,3265.0,0.99996924,3.0747582e-05,2.0599894e-13,0.00016434885,4.4753087e-05,0.99979097
652,3260.0,3270.0,0.99999213,7.815627e-06,1.6772737e-15,2.9059296e-05,1.8412549e-06,0.9999691
653,3265.0,3275.0,0.9999995,4.2534882e-07,3.78725e-18,2.5733382e-06,6.66766e-05,0.99993074
654,3270.0,3280.0,1.0,4.8897668e-08,3.2149542e-21,2.5797806e-07,5.8061396e-09,0.99999976
655,3275.0,3285.0,0.999977,2.3007497e-05,1.1342474e-14,2.5738982e-05,3.4547039e-09,0.99997425
656,3280.0,3290.0,0.9999889,1.11452855e-05,1.127496e-15,2.882757e-05,0.00015102822,0.9998202
657,3285.0,3295.0,0.9999894,1.0550882e-05,7.4529513e-16,7.936949e-05,0.0008527135,0.99906796
658,3290.0,3300.0,0.99999595,4.028638e-06,2.7861516e-16,3.6854082e-05,0.16292652,0.83703667
659,3295.0,3305.0,0.99999607,3.888529e-06,3.0433889e-16,2.2788143e-05,0.04031881,0.9596584
660,3300.0,3310.0,0.99993145,6.852571e-05,1.1829196e-12,0.00018171755,0.01253021,0.9872881
661,3305.0,3315.0,0.9998233,0.00017672946,8.351161e-12,0.0003104264,8.284423e-05,0.9996068
662,3310.0,3320.0,0.99998903,1.09789335e-05,5.059971e-16,1.6399492e-05,9.4863793e-07,0.9999826
663,3315.0,3325.0,0.9999769,2.3175939e-05,4.5795376e-16,1.916031e-05,2.8122553e-05,0.9999527
664,3320.0,3330.0,0.99970907,0.00029093094,1.3363566e-14,6.333843e-05,5.313206e-09,0.9999367
665,3325.0,3335.0,0.9999449,5.511823e-05,9.924341e-12,0.00023575596,0.0005590589,0.9992052
666,3330.0,3340.0,0.99999535,4.659468e-06,1.373123e-16,8.291732e-06,1.17840755e-05,0.99998
667,3335.0,3345.0,0.9999988,1.1723591e-06,1.3774889e-14,2.3817094e-05,0.00019716247,0.99977905
668,3340.0,3350.0,0.99999154,8.497463e-06,1.1798298e-15,3.052606e-05,0.00011924078,0.99985015
669,3345.0,3355.0,0.99999774,2.2600827e-06,2.8108565e-18,3.8253256e-06,0.00013404382,0.9998621
670,3350.0,3360.0,0.99999595,4.0824716e-06,4.523162e-17,1.2665038e-05,0.00024350591,0.9997439
671,3355.0,3365.0,0.9999988,1.2125258e-06,1.2185064e-17,7.4127593e-06,0.003304379,0.9966882
672,3360.0,3370.0,0.99999845,1.5076098e-06,5.1040592e-18,5.10913e-06,3.1786014e-05,0.99996305
673,3365.0,3375.0,0.9999925,7.458025e-06,9.309122e-16,4.3605927e-05,0.0022367376,0.9977196
674,3370.0,3380.0,0.99999785,2.1484984e-06,1.9447021e-16,8.436629e-06,0.70432526,0.2956664
675,3375.0,3385.0,0.99999964,3.5929733e-07,1.8473635e-19,2.047338e-06,0.022017958,0.97798
676,3380.0,3390.0,0.99997747,2.250392e-05,8.295518e-15,2.6658086e-05,2.6555297e-05,0.99994683
677,3385.0,3395.0,0.99999774,2.215663e-06,1.4449957e-19,1.5260973e-06,1.7340295e-06,0.9999968
678,3390.0,3400.0,0.99999213,7.921152e-06,1.8720004e-20,1.349705e-06,2.9789082e-06,0.9999957
679,3395.0,3405.0,0.99999523,4.788126e-06,2.7359396e-18,9.006051e-06,0.0063649453,0.993626
680,3400.0,3410.0,0.9999976,2.3878538e-06,4.1539745e-16,3.154605e-05,0.35284096,0.64712745
681,3405.0,3415.0,0.99999845,1.5624512e-06,1.0442059e-16,1.3797336e-05,0.15284473,0.84714144
682,3410.0,3420.0,0.9999342,6.584122e-05,7.553326e-13,0.00014636596,0.0031340476,0.99671954
683,3415.0,3425.0,0.99998903,1.09161965e-05,3.027761e-14,5.543255e-05,0.06485141,0.9350931
684,3420.0,3430.0,0.9999993,6.6982386e-07,2.1487248e-19,2.1571914e-06,6.2810606e-05,0.99993503
685,3425.0,3435.0,0.9999958,4.118404e-06,1.7950691e-17,6.7422234e-06,2.280796e-08,0.9999932
686,3430.0,3440.0,0.99999654,3.5080068e-06,2.2755e-14,7.769155e-05,0.00018868237,0.9997336
687,3435.0,3445.0,0.9999976,2.3721495e-06,6.577812e-16,0.00016759089,0.00024125286,0.9995912
688,3440.0,3450.0,0.999982,1.7984548e-05,1.0968795e-15,5.432076e-05,0.20600833,0.79393727
689,3445.0,3455.0,0.99999654,3.4986317e-06,8.751411e-18,8.331922e-06,0.007832391,0.99215925
690,3450.0,3460.0,0.9999994,6.107407e-07,5.7952537e-19,2.2163688e-06,8.592825e-05,0.9999119
691,3455.0,3465.0,0.9999999,1.2372755e-07,1.920309e-20,5.767938e-07,2.1479937e-05,0.99997795
692,3460.0,3470.0,0.9999994,6.4778817e-07,3.931092e-18,3.8797775e-06,4.4417516e-06,0.99999166
693,3465.0,3475.0,0.9999927,7.2778453e-06,3.2669126e-16,3.2383807e-05,4.845112e-07,0.9999671
694,3470.0,3480.0,0.99999714,2.8929526e-06,2.8373036e-17,9.740459e-06,8.074284e-06,0.99998224
695,3475.0,3485.0,0.9999914,8.568225e-06,1.6992277e-14,4.548929e-05,0.062890366,0.9370642
696,3480.0,3490.0,0.99999344,6.509256e-06,2.2100015e-14,4.1121715e-05,9.999617e-05,0.99985886
697,3485.0,3495.0,0.99997497,2.5038165e-05,4.6169394e-14,5.130909e-05,2.0391903e-06,0.9999466
698,3490.0,3500.0,0.9999999,1.2327833e-07,2.1308257e-19,1.7956007e-06,0.019059088,0.98093915
699,3495.0,3505.0,0.99999714,2.9004916e-06,9.884966e-18,6.4216147e-06,3.5475652e-05,0.99995816
700,3500.0,3510.0,0.9999547,4.5276807e-05,6.6772613e-13,0.00013295049,8.4937834e-05,0.99978215
701,3505.0,3515.0,0.99999917,8.818667e-07,4.3784117e-18,5.3942927e-06,4.2514777e-05,0.9999521
702,3510.0,3520.0,0.9999999,1.7570328e-07,1.6296206e-20,7.6836875e-07,5.0199185e-07,0.9999987
703,3515.0,3525.0,0.9999999,9.889418e-08,2.7839242e-21,4.860604e-07,0.00024279692,0.99975675
704,3520.0,3530.0,0.9999981,1.8913498e-06,6.619796e-18,8.825519e-06,0.0076331687,0.992358
705,3525.0,3535.0,0.9999919,8.063073e-06,2.3021495e-14,4.3559165e-05,0.000118524375,0.9998379
706,3530.0,3540.0,0.9999995,5.262952e-07,3.6690046e-19,1.3935075e-06,6.5913025e-07,0.999998
707,3535.0,3545.0,0.9999994,5.9565485e-07,6.8071807e-18,5.910537e-06,0.00031399037,0.99968016
708,3540.0,3550.0,0.99999917,8.776892e-07,2.0285537e-17,8.531802e-06,0.00025542692,0.999736
709,3545.0,3555.0,0.99999857,1.4159822e-06,2.9482506e-18,4.216127e-06,0.00035338436,0.9996424
710,3550.0,3560.0,0.9999999,1.0172853e-07,4.1788644e-20,7.1069e-07,0.28282118,0.71717805
711,3555.0,3565.0,0.9999908,9.176268e-06,3.3576637e-14,4.8378326e-05,0.06999971,0.9299519
712,3560.0,3570.0,0.99999976,2.414052e-07,3.759886e-18,4.6093364e-06,0.019898787,0.98009664
713,3565.0,3575.0,0.99997365,2.6324282e-05,2.3615162e-13,0.0001061731,1.9182306e-05,0.9998746
714,3570.0,3580.0,0.99999654,3.4637892e-06,2.8911321e-18,1.1842717e-06,2.1338644e-09,0.9999988
715,3575.0,3585.0,0.9999939,6.055822e-06,1.3924487e-15,1.1172596e-05,4.499935e-06,0.9999844
716,3580.0,3590.0,0.9999931,6.9554144e-06,9.900857e-17,1.5806823e-05,1.2099734e-06,0.99998295
717,3585.0,3595.0,0.9999956,4.3871123e-06,4.5411728e-18,5.7956163e-06,0.0003280381,0.9996662
718,3590.0,3600.0,0.99999857,1.4747128e-06,2.5058157e-18,4.433019e-06,0.00041550206,0.9995801
719,3595.0,3605.0,0.9999548,4.5210025e-05,1.1834815e-13,9.8636e-05,0.00016155237,0.9997398
720,3600.0,3610.0,0.99999404,5.9222452e-06,1.6075491e-14,3.5169855e-05,0.0018567638,0.998108
721,3605.0,3615.0,0.9999918,8.169352e-06,1.4117438e-14,3.5459503e-05,0.00096195395,0.99900264
722,3610.0,3620.0,0.99999833,1.6146317e-06,9.176241e-19,2.6489117e-06,2.1836691e-05,0.99997556
723,3615.0,3625.0,0.99999166,8.334817e-06,1.5886326e-17,1.4477842e-05,4.2041313e-05,0.9999435
724,3620.0,3630.0,0.99998605,1.3929974e-05,3.842472e-16,3.8543698e-05,1.9311692e-05,0.9999422
725,3625.0,3635.0,0.9999995,4.4738604e-07,8.613487e-19,3.3042118e-06,0.0017727485,0.99822396
726,3630.0,3640.0,0.99999714,2.8073036e-06,4.3298014e-19,3.7569312e-06,0.0011524201,0.9988438
727,3635.0,3645.0,0.9999981,1.959644e-06,5.548116e-20,2.209094e-06,0.00061821775,0.9993795
728,3640.0,3650.0,0.99999917,8.6951457e-07,2.8220003e-19,1.992132e-06,0.00118414,0.99881387
729,3645.0,3655.0,0.99999905,9.90174e-07,4.2796924e-19,2.7505287e-06,0.013753734,0.98624355
730,3650.0,3660.0,0.99994767,5.237974e-05,2.0169643e-13,0.00013281351,0.17297265,0.8268946
731,3655.0,3665.0,0.9999976,2.3992077e-06,1.8741017e-15,4.101507e-05,0.011805263,0.98815376
732,3660.0,3670.0,0.9999993,7.4481636e-07,8.723637e-18,1.3817068e-05,1.6579539e-06,0.9999845
733,3665.0,3675.0,0.99999225,7.777025e-06,1.6546545e-17,1.1508582e-05,2.4160665e-08,0.99998844
734,3670.0,3680.0,0.99999833,1.7027323e-06,1.7388023e-18,3.65459e-06,1.259472e-06,0.9999951
735,3675.0,3685.0,0.99999976,2.5763705e-07,3.899084e-20,1.0597772e-06,6.656667e-05,0.9999324
736,3680.0,3690.0,0.9999995,4.489679e-07,5.268011e-19,4.1727726e-06,0.03968853,0.9603073
737,3685.0,3695.0,0.9999982,1.8132993e-06,9.491691e-17,2.1669877e-05,0.0009541,0.9990243
738,3690.0,3700.0,1.0,2.3467175e-08,1.1013996e-20,8.4931384e-07,0.0019646904,0.9980344
739,3695.0,3705.0,1.0,4.3585736e-08,6.8771014e-20,1.3627567e-06,0.031070795,0.96892786
740,3700.0,3710.0,0.9999988,1.2317062e-06,1.10986e-18,4.1760313e-06,4.6122932e-05,0.9999497
741,3705.0,3715.0,0.99997115,2.8896087e-05,1.1684349e-13,8.091681e-05,0.00033128847,0.99958783
742,3710.0,3720.0,0.99998534,1.4604549e-05,3.2182194e-14,5.2350402e-05,0.0002654236,0.9996822
743,3715.0,3725.0,0.9999933,6.668996e-06,1.9431076e-15,2.2277056e-05,0.0014816929,0.99849606
744,3720.0,3730.0,0.9999908,9.2188275e-06,2.3913313e-17,8.01685e-06,5.5936725e-05,0.999936
745,3725.0,3735.0,0.99998975,1.026788e-05,4.607476e-16,2.5156894e-05,4.080961e-07,0.9999745
746,3730.0,3740.0,0.99991775,8.221334e-05,1.2731364e-15,5.8046528e-05,1.317852e-09,0.99994195
747,3735.0,3745.0,0.9999949,5.0926706e-06,2.6707478e-17,9.018651e-06,1.6320477e-06,0.9999894
748,3740.0,3750.0,0.999998,2.0476477e-06,1.0128432e-16,1.9153e-05,0.005880632,0.99410015
749,3745.0,3755.0,0.99998,1.9990901e-05,5.2111185e-14,0.00012355892,0.03767649,0.9621999
750,3750.0,3760.0,0.99999964,3.6517827e-07,3.3039269e-19,1.4195406e-06,2.366343e-07,0.99999833
751,3755.0,3765.0,0.9999989,1.1206922e-06,2.8305374e-20,1.9155957e-06,0.000104308776,0.9998938
752,3760.0,3770.0,0.99993324,6.6707165e-05,2.2792333e-15,6.161118e-05,2.6908938e-06,0.99993575
753,3765.0,3775.0,0.9999906,9.390391e-06,6.250048e-17,1.45235335e-05,9.623618e-07,0.9999845
754,3770.0,3780.0,0.9999759,2.4071185e-05,6.41381e-17,2.6154692e-05,0.00023486103,0.999739
755,3775.0,3785.0,0.9999964,3.588437e-06,2.851395e-18,7.653138e-06,0.0024500694,0.99754226
756,3780.0,3790.0,0.9999999,1.6641155e-07,2.267576e-20,8.221242e-07,0.0024403753,0.99755883
